Ax,Ay,Az,Gx,Gy,Gz,Pressure,Temperature,FALL
-1.807228916,9.180722892,1.939759036,-4.458015267,-0.580152672,-117.648855,101.1533976,31.01707865,NO
-1.518072289,9.240963855,1.891566265,16.39694656,-1.832061069,-10.6870229,101.1137218,31.01707865,NO
-1.337349398,9.337349398,1.78313253,15.8778626,-8,-10.94656489,101.1182998,31.01707865,NO
-1.289156627,9.493975904,1.530120482,14.97709924,-9.34351145,-9.511450382,101.1106699,31.01707865,NO
-1,9.337349398,1.518072289,15.55725191,-9.816793893,-6.366412214,101.1030399,31.01707865,NO
-0.578313253,9.409638554,1.626506024,15.14503817,-6.27480916,-3.969465649,101.1091439,31.01707865,NO
-0.072289157,9.21686747,1.686746988,10.90076336,-3.709923664,0.885496183,101.1015139,31.01707865,NO
-0.168674699,9,1.78313253,8.748091603,7.129770992,7.022900763,101.1121958,31.01707865,NO
-0.638554217,8.939759036,1.506024096,9.221374046,14.39694656,10.04580153,101.1091439,31.01707865,NO
-0.891566265,8.831325301,1.722891566,10.48854962,32.1221374,11.38931298,101.0999879,31.01707865,NO
-0.096385542,9.012048193,1.710843373,5.114503817,26.27480916,7.877862595,101.1106699,31.01707865,NO
-0.024096386,9.277108434,1.710843373,0.106870229,21.45038168,5.755725191,101.1045659,31.01707865,NO
-0.240963855,9.096385542,1.518072289,-6.351145038,17.9389313,5.007633588,101.1091439,31.01707865,NO
-0.903614458,8.686746988,1.301204819,-7.526717557,16.24427481,7.022900763,101.1091439,31.01707865,NO
-0.722891566,8.710843373,2.253012048,-0.244274809,12.07633588,8.916030534,101.1015139,31.01707865,NO
-0.481927711,9.759036145,1.915662651,-1.190839695,1.465648855,10.47328244,101.1076179,31.01707865,NO
-0.698795181,10.69879518,2.397590361,-0.045801527,-8.427480916,8.549618321,101.1060919,31.01707865,NO
-1.385542169,11.65060241,2.554216867,6.839694656,-14.41221374,11.95419847,101.1167738,31.01707865,NO
-1.43373494,12.25301205,2.614457831,8.778625954,-12.82442748,17.35877863,101.1030399,31.01707865,NO
-2.060240964,11.78313253,2.686746988,2.687022901,-9.755725191,13.22137405,101.1060919,31.01707865,NO
-1.987951807,10.65060241,2.734939759,-1.236641221,-12.21374046,3.022900763,101.1106699,31.01707865,NO
-1.421686747,9.662650602,2.493975904,-2.564885496,-24.53435115,-7.770992366,101.0999879,31.01707865,NO
-0.831325301,8.855421687,2.759036145,-3.709923664,-28.24427481,-12.10687023,101.1015139,31.01707865,NO
-0.879518072,8.325301205,2.34939759,-6.198473282,-25.66412214,-12.29007634,101.1091439,31.01707865,NO
-1.457831325,8.21686747,2.108433735,-6.106870229,-15.90839695,-10.0610687,101.1076179,31.01707865,NO
-2.060240964,8.43373494,2.144578313,-1.786259542,-8.396946565,-10.38167939,101.1076179,31.01707865,NO
-2.21686747,8.674698795,2.21686747,-0.992366412,-10.83969466,-10.6870229,101.1030399,31.01707865,NO
-2.060240964,8.590361446,2.120481928,0.335877863,-15.38931298,-9.72519084,101.0999879,31.01707865,NO
-1.86746988,8.602409639,2.156626506,-1.58778626,-16.73282443,-7.740458015,101.1060919,31.01707865,NO
-1.975903614,8.903614458,2.144578313,-2.717557252,-11.98473282,-5.557251908,101.1045659,31.01707865,NO
-2.313253012,9.337349398,2.228915663,-1.954198473,-11.2519084,-4.259541985,101.096936,31.01707865,NO
-2.156626506,9.686746988,2.397590361,-1.938931298,-16.59541985,-3.419847328,101.1030399,31.01707865,NO
-1.746987952,9.65060241,2.325301205,-2.961832061,-18.77862595,-1.664122137,101.096936,31.01707865,NO
-1.65060241,9.602409639,2.56626506,-5.06870229,-19.05343511,-2.381679389,101.1030399,31.01707865,NO
-1.421686747,9.542168675,2.638554217,-5.251908397,-18.71755725,-5.664122137,101.0999879,31.01707865,NO
-1.819277108,9.13253012,2.698795181,-8.503816794,-16.70229008,-9.816793893,101.0999879,31.01707865,NO
-1.843373494,8.951807229,2.228915663,-7.129770992,-16.1221374,-9.358778626,101.0999879,31.01707865,NO
-1.56626506,8.542168675,2.518072289,-4.687022901,-13.8778626,-6.183206107,101.098462,31.01707865,NO
-1.337349398,8.626506024,2.421686747,-2.061068702,-13.57251908,-3.816793893,101.096936,31.01707865,NO
-1.409638554,8.759036145,2.542168675,-2.702290076,-13.89312977,-3.20610687,101.098462,31.01707865,NO
-1.481927711,8.771084337,2.506024096,0.595419847,-12.29007634,-0.015267176,101.096936,31.01707865,NO
-1.506024096,8.807228916,2.506024096,2.290076336,-9.297709924,2.229007634,101.096936,31.01707865,NO
-1.518072289,8.879518072,2.530120482,3.06870229,-7.480916031,4.320610687,101.090832,31.01707865,NO
-1.662650602,8.86746988,2.506024096,3.053435115,-4.213740458,5.526717557,101.093884,31.01707865,NO
-1.698795181,8.927710843,2.409638554,3.877862595,-6.244274809,4.885496183,101.093884,31.01707865,NO
-1.626506024,9.084337349,2.674698795,5.190839695,-8.229007634,3.786259542,101.092358,31.01707865,NO
-1.542168675,9.421686747,2.662650602,2.900763359,-8.549618321,3.389312977,101.092358,31.01707865,NO
-1.469879518,9.795180723,2.481927711,2.442748092,-7.923664122,2.870229008,101.1076179,31.01707865,NO
-1.385542169,9.518072289,2.554216867,1.893129771,-9.20610687,2.763358779,101.096936,31.01707865,NO
-1.337349398,9.325301205,2.734939759,2.41221374,-6.748091603,2.778625954,101.1015139,31.01707865,NO
-1.301204819,9.21686747,2.590361446,1.175572519,-4.748091603,2.152671756,101.096936,31.01707865,NO
-1.21686747,9.048192771,2.542168675,0.93129771,-2.687022901,2.41221374,101.1153499,31.08259227,NO
-1.180722892,9.060240964,2.409638554,1.770992366,-1.541984733,2.977099237,101.1153499,31.08259227,NO
-1.048192771,9.120481928,2.626506024,2.259541985,-0.045801527,3.236641221,101.1229809,31.08259227,NO
-1.036144578,9.240963855,2.361445783,4.152671756,2.290076336,4.65648855,101.1229809,31.08259227,NO
-0.927710843,9.13253012,2.578313253,4.27480916,2.885496183,5.221374046,101.1168761,31.08259227,NO
-0.795180723,9.373493976,2.397590361,3.893129771,5.557251908,6.778625954,101.1077189,31.08259227,NO
-0.891566265,9.253012048,2.409638554,0.641221374,9.038167939,6.992366412,101.1122975,31.08259227,NO
-0.939759036,9.313253012,2.313253012,0.687022901,12.87022901,8.305343511,101.1107713,31.08259227,NO
-1.108433735,9.493975904,2.168674699,3.099236641,15.46564885,8.229007634,101.1153499,31.08259227,NO
-1.361445783,9.301204819,2.012048193,3.618320611,13.14503817,7.083969466,101.1168761,31.08259227,NO
-1.120481928,9.34939759,1.843373494,3.633587786,11.26717557,6.778625954,101.1122975,31.08259227,NO
-1.144578313,9.301204819,2,3.893129771,2.778625954,5.06870229,101.1199285,31.08259227,NO
-0.927710843,9.43373494,1.746987952,2.595419847,5.099236641,4.580152672,101.1122975,31.08259227,NO
-0.686746988,9.493975904,1.879518072,1.816793893,4.671755725,5.709923664,101.1107713,31.08259227,NO
-0.590361446,9.43373494,1.855421687,1.160305344,4.580152672,6.839694656,101.1107713,31.08259227,NO
-0.65060241,9.337349398,1.963855422,0.076335878,5.06870229,6.946564885,101.1168761,31.08259227,NO
-0.554216867,9.277108434,1.831325301,0.366412214,3.419847328,6.152671756,101.1061927,31.08259227,NO
-0.590361446,9.43373494,1.927710843,1.099236641,3.007633588,6.076335878,101.1031403,31.08259227,NO
-0.771084337,9.409638554,2.048192771,-2.015267176,4.351145038,5.72519084,101.1168761,31.08259227,NO
-1.228915663,9.313253012,1.807228916,-1.72519084,-0.79389313,3.969465649,101.1122975,31.08259227,NO
-1.373493976,9.096385542,2,0.916030534,-4.549618321,1.801526718,101.1168761,31.08259227,NO
-0.34939759,8.963855422,1.903614458,2.030534351,-11.9389313,1.526717557,101.1138237,31.08259227,NO
0.144578313,9.096385542,1.722891566,-1.908396947,-14.35114504,-0.351145038,101.1138237,31.08259227,NO
0.072289157,9.240963855,1.939759036,-1.267175573,-8.763358779,1.801526718,101.1153499,31.08259227,NO
0.21686747,9.012048193,1.554216867,0.65648855,-5.969465649,4.702290076,101.1138237,31.08259227,NO
-0.204819277,9,1.373493976,-0.503816794,0.442748092,7.893129771,101.1153499,31.08259227,NO
0.048192771,9.156626506,2.301204819,1.404580153,9.816793893,9.755725191,101.1107713,31.08259227,NO
-0.518072289,9.927710843,1.951807229,-0.015267176,8.458015267,8.778625954,101.1138237,31.08259227,NO
-1.265060241,9.072289157,1.602409639,-6.076335878,5.923664122,4.961832061,101.1168761,31.08259227,NO
-1.385542169,8.530120482,1.313253012,-4.610687023,-1.053435115,1.770992366,101.1122975,31.08259227,NO
-0.951807229,8.120481928,1.469879518,-2.045801527,-7.038167939,-0.900763359,101.1061927,31.08259227,NO
-0.421686747,7.795180723,1.542168675,-2.595419847,-8.259541985,-2.717557252,101.1107713,31.08259227,NO
0.060240964,7.469879518,1.638554217,-2.564885496,-8.79389313,-1.297709924,101.1046665,31.08259227,NO
0.156626506,7.204819277,1.554216867,-5.282442748,-7.618320611,5.06870229,101.1153499,31.08259227,NO
0,7.843373494,1.927710843,0.198473282,-3.648854962,15.48091603,101.1107713,31.08259227,NO
-0.096385542,7.325301205,2.34939759,2.122137405,4.65648855,19.51145038,101.1122975,31.08259227,NO
0.144578313,7.746987952,2.722891566,-0.534351145,14.16793893,23.90839695,101.1184023,31.08259227,NO
-0.686746988,8.686746988,2.78313253,-4.122137405,18.6259542,26.7480916,101.1138237,31.08259227,NO
-1.012048193,9.265060241,3.072289157,-6.687022901,15.58778626,21.70992366,101.1153499,31.08259227,NO
-0.506024096,9.180722892,2.289156627,-7.801526718,8.167938931,19.3740458,101.1107713,31.08259227,NO
-0.120481928,8.313253012,1.710843373,-5.160305344,11.17557252,14.42748092,101.1092451,31.08259227,NO
-1.024096386,7.421686747,1.662650602,-6.717557252,13.03816794,7.786259542,101.1061927,31.08259227,NO
-2,7.192771084,2.120481928,0.473282443,11.55725191,1.435114504,101.1153499,31.08259227,NO
-1.240963855,7.674698795,2.036144578,12.1221374,3.938931298,-5.34351145,101.1000879,31.08259227,NO
0.445783133,8.060240964,2.421686747,3.053435115,-7.20610687,-3.541984733,101.1092451,31.08259227,NO
0.590361446,8.361445783,1.927710843,-4.290076336,-3.175572519,2.076335878,101.1077189,31.08259227,NO
-0.096385542,8.240963855,1.662650602,-4.167938931,8.549618321,8.79389313,101.1138237,31.08259227,NO
-0.180722892,8.337349398,2.192771084,-3.007633588,12.73282443,9.450381679,101.1138237,31.08259227,NO
0.397590361,9.168674699,2.554216867,-3.664122137,1.312977099,5.282442748,101.1107713,31.08259227,NO
-0.43373494,10.4939759,1.65060241,3.083969466,2.595419847,0.900763359,101.1199285,31.08259227,NO
-1.120481928,9.698795181,0.879518072,-0.992366412,3.969465649,-3.007633588,101.1153499,31.08259227,NO
-0.421686747,8.228915663,1.493975904,4.534351145,9.893129771,-5.72519084,101.1203708,31.10045594,NO
-0.373493976,8.662650602,1.722891566,2.229007634,15.67938931,-5.053435115,101.1173183,31.10045594,NO
-1.144578313,8.34939759,1.831325301,-1.083969466,5.526717557,-11.09923664,101.1203708,31.10045594,NO
-0.530120482,6.674698795,1.168674699,-4.961832061,5.190839695,-7.022900763,101.1203708,31.10045594,NO
-0.228915663,6.56626506,2.325301205,-2.458015267,-6.229007634,-4.763358779,101.1188446,31.10045594,NO
1.518072289,6.734939759,1.65060241,17.17557252,-6.519083969,4.65648855,101.1249496,31.10045594,NO
1.325301205,6.361445783,1.060240964,34.71755725,-14.65648855,6.610687023,101.1188446,31.10045594,NO
1.481927711,6.361445783,1.253012048,31.77099237,-17.63358779,0.534351145,101.1112133,31.10045594,NO
3.361445783,1.662650602,-4.662650602,43.08396947,-41.46564885,-6.748091603,101.1157921,31.10045594,NO
1.13253012,5.578313253,-1.457831325,231.1603053,-55.20610687,44.96183206,101.1203708,31.10045594,NO
0.879518072,6.012048193,1.86746988,13.67938931,-12.1221374,-25.51145038,101.1203708,31.10045594,NO
1.373493976,4.204819277,2.337349398,-21.58778626,-24.91603053,-45.38931298,101.1188446,31.10045594,NO
2.626506024,17.55421687,-0.397590361,-31.49618321,-35.74045802,-39.80152672,101.1157921,31.10045594,NO
-1.602409639,4.614457831,2.56626506,9.709923664,-11.02290076,-28.70229008,101.1249496,31.10045594,NO
-3.445783133,4.843373494,2.337349398,-36.10687023,4.091603053,-18.67175573,101.1234234,31.10045594,NO
-2.915662651,16.30120482,0.421686747,-37.57251908,-30.18320611,-16.41221374,101.1264759,31.10045594,NO
1.313253012,8.518072289,3.192771084,-67.61832061,-23.23664122,-25.48091603,101.1203708,31.10045594,NO
2.987951807,8.13253012,4.686746988,-59.96946565,-25.05343511,-8.534351145,101.1173183,31.10045594,NO
-1.530120482,11.93975904,3.771084337,-31.00763359,-10.67175573,-6.152671756,101.1218971,31.10045594,NO
-10.65060241,19.84337349,-1.048192771,-99.46564885,45.78625954,-53.83206107,101.1234234,31.10045594,YES
-2.301204819,6.253012048,2.734939759,-198.6564885,195.0839695,-41.66412214,101.1234234,31.10045594,NO
-6.397590361,15.3253012,8.662650602,-175.4351145,70.51908397,1.419847328,101.1203708,31.10045594,NO
-3,14.44578313,3.86746988,-144.2748092,74.47328244,-18.09160305,101.1173183,31.10045594,NO
0.253012048,16.36144578,2.819277108,-69.48091603,-24.58015267,-28.27480916,101.1157921,31.10045594,NO
-3.481927711,15.4939759,5.34939759,-89.05343511,-15.60305344,-84.22900763,101.1173183,31.10045594,NO
-2.445783133,9.21686747,5.192771084,-147.9541985,69.3129771,-119.7557252,101.1218971,31.10045594,NO
0.144578313,7.108433735,3.614457831,-116.3206107,55.34351145,-118.0458015,101.1173183,31.10045594,NO
0.734939759,7.722891566,3.156626506,-83.75572519,19.96946565,-123.5877863,101.1203708,31.10045594,NO
-6.879518072,16.14457831,17.09638554,-104.5648855,35.20610687,-129.7251908,101.1203708,31.10045594,YES
-24.3373494,10.20481928,24.54216867,-185.1755725,121.7557252,-93.9389313,101.1280021,31.10045594,YES
-0.120481928,3.34939759,16.22891566,-500.259542,160.1832061,-14.7480916,101.1264759,31.10045594,NO
13.8313253,9.024096386,5.602409639,107.1450382,6.93129771,-105.6641221,101.1203708,31.10045594,NO
8.192771084,-2.156626506,-0.590361446,-17.20610687,7.541984733,-157.8473282,101.1218971,31.10045594,NO
-7.096385542,6.771084337,6.385542169,38,130.610687,-102.2290076,101.1203708,31.10045594,NO
-5.710843373,1.192771084,4.096385542,44.36641221,69.66412214,-107.0076336,101.1234234,31.10045594,NO
-1.927710843,0.493975904,7.530120482,-46.59541985,27.72519084,-105.1145038,101.1249496,31.10045594,NO
-1.240963855,3.144578313,9.975903614,-15.95419847,-14.97709924,-91.84732824,101.1203708,31.10045594,NO
-4.879518072,0.843373494,9.469879518,-57.26717557,-7.557251908,-72.88549618,101.1157921,31.10045594,NO
-7.915662651,1.759036145,5.156626506,-109.5419847,65.3740458,-117.221374,101.1264759,31.10045594,NO
-7.265060241,0.698795181,5.301204819,-95.34351145,73.72519084,-139.9541985,101.1218971,31.10045594,NO
-6.265060241,-0.56626506,4.891566265,-83.86259542,59.17557252,-124.1984733,101.1234234,31.10045594,NO
-6.518072289,-1.43373494,5.21686747,-100.6870229,53.38931298,-121.5114504,101.1234234,31.10045594,NO
-7.469879518,-1.506024096,3.325301205,-105.3435115,45.81679389,-103.8015267,101.1234234,31.10045594,NO
-9.78313253,0.048192771,4.542168675,-83.05343511,67.64885496,-85.8778626,101.1234234,31.10045594,NO
-8.13253012,0.361445783,4.831325301,-107.4961832,47.2519084,-105.2977099,101.1280021,31.10045594,NO
-6.228915663,-1.192771084,3.43373494,-136.3816794,20.90076336,-117.6946565,101.1234234,31.10045594,NO
-5.289156627,-3.120481928,4.144578313,-161.0381679,42.24427481,-105.4503817,101.1203708,31.10045594,NO
-8.746987952,-3.240963855,6.963855422,-180.1068702,71.96946565,-75.34351145,101.1234234,31.10045594,NO
-9.096385542,-1.265060241,2.746987952,-138.0458015,38.96183206,-79.29770992,101.1203708,31.10045594,NO
-15.69879518,-4.337349398,-1.048192771,-110.351145,46.87022901,-66.25954198,101.1218971,31.10045594,NO
-16.12048193,-13.75903614,-0.686746988,-123.1755725,62.6870229,-31.84732824,101.1203708,31.10045594,YES
-7.56626506,-11.73493976,-1.65060241,-113.9389313,-19.34351145,31.2519084,101.1220444,31.10641014,NO
-5.108433735,-8.289156627,-0.385542169,-35.92366412,-75.92366412,18.33587786,101.125097,31.10641014,NO
-3.156626506,-4.204819277,2.469879518,-12.61068702,-112.9160305,32.01526718,101.1235707,31.10641014,NO
0.662650602,-1.313253012,3.277108434,18.13740458,-92,25.12977099,101.1235707,31.10641014,NO
-1.060240964,-2.807228916,6.481927711,14.45801527,-55.51145038,20.39694656,101.125097,31.10641014,NO
-10.75903614,-5.975903614,9.746987952,2.290076336,27.09923664,-7.221374046,101.1220444,31.10641014,NO
-12.73493976,-10.03614458,6.036144578,-9.282442748,71.09923664,-31.78625954,101.1189918,31.10641014,NO
-6.614457831,-8.542168675,5.795180723,-32.1221374,-33.09923664,-19.52671756,101.1281495,31.10641014,NO
-7.192771084,-8.831325301,3.86746988,-23.61832061,-69.12977099,33.64885496,101.1281495,31.10641014,NO
-8.060240964,-8.795180723,4.060240964,-44.93129771,-7.755725191,12.09160305,101.1235707,31.10641014,NO
-6.710843373,-6.746987952,3.192771084,-22.21374046,-4.167938931,12.45801527,101.1220444,31.10641014,NO
-4.481927711,-4.56626506,4.987951807,13.75572519,-14.61068702,14.42748092,101.1189918,31.10641014,NO
-4.662650602,-4.771084337,5.578313253,37.00763359,-7.816793893,2.625954198,101.1174656,31.10641014,NO
-6.180722892,-4.891566265,4.277108434,53.78625954,-3.572519084,-1.618320611,101.1159393,31.10641014,NO
-8.289156627,-5.530120482,5.951807229,36.59541985,17.3740458,-17.28244275,101.1159393,31.10641014,NO
-9.144578313,-4.301204819,6.060240964,-0.580152672,21.34351145,9.435114504,101.1174656,31.10641014,NO
-7.963855422,-3.602409639,5.746987952,12.99236641,5.984732824,24.03053435,101.1235707,31.10641014,NO
-7.240963855,-3.144578313,6.554216867,16.76335878,-13.34351145,17.61832061,101.1174656,31.10641014,NO
-5.987951807,-2.554216867,5.819277108,16.76335878,-13.49618321,12.32061069,101.1128867,31.10641014,NO
-6.469879518,-1.590361446,5.602409639,27.23664122,-17.29770992,14.7480916,101.1098342,31.10641014,NO
-7.373493976,-2.084337349,5.361445783,32.32061069,-1.770992366,8.259541985,101.1205181,31.10641014,NO
-7.795180723,-1.722891566,5.228915663,21.46564885,21.19083969,9.419847328,101.1052553,31.10641014,NO
-7.674698795,-0.831325301,3.987951807,31.92366412,5.145038168,0.335877863,101.1159393,31.10641014,NO
-8.301204819,-1.012048193,5.554216867,29.78625954,17.11450382,-7.175572519,101.1159393,31.10641014,NO
-8.686746988,-0.927710843,6.072289157,33.92366412,1.251908397,-11.45038168,101.1128867,31.10641014,NO
-9.21686747,-0.975903614,5.746987952,35.51145038,0.946564885,-6.610687023,101.1098342,31.10641014,NO
-8.204819277,-0.975903614,6.445783133,20.53435115,-1.694656489,1.648854962,101.1159393,31.10641014,NO
-7.192771084,-1.614457831,6.542168675,9.557251908,-3.358778626,9.251908397,101.114413,31.10641014,NO
-6.927710843,-1.975903614,5.843373494,7.358778626,0.992366412,6.900763359,101.1113604,31.10641014,NO
-7.084337349,-2.445783133,5.855421687,-0.290076336,13.32824427,4.213740458,101.1128867,31.10641014,NO
-8.060240964,-2.831325301,4.602409639,0.671755725,7.450381679,3.114503817,101.114413,31.10641014,NO
-8.626506024,-3.144578313,3.915662651,-3.786259542,2.061068702,-0.732824427,101.1189918,31.10641014,NO
-9.602409639,-4.072289157,3.542168675,-2.549618321,7.618320611,2.534351145,101.1128867,31.10641014,NO
-8.542168675,-3.337349398,4.277108434,15.90839695,-7.221374046,-5.267175573,101.1220444,31.10641014,NO
-8.421686747,-3.048192771,4.891566265,18.32061069,-10.91603053,-9.664122137,101.1235707,31.10641014,NO
-7.710843373,-2.915662651,5.385542169,21.32824427,-19.03816794,-12.01526718,101.1235707,31.10641014,NO
-7.265060241,-2.493975904,5.698795181,19.32824427,-14.80916031,-13.3129771,101.1128867,31.10641014,NO
-7.469879518,-2.65060241,5.43373494,15.80152672,-10.22900763,-15.58778626,101.1159393,31.10641014,NO
-7.060240964,-2.939759036,6.228915663,13.8778626,-13.02290076,-15.03816794,101.1174656,31.10641014,NO
-6.578313253,-3.240963855,6.012048193,15.06870229,-12.44274809,-11.02290076,101.1174656,31.10641014,NO
-6.939759036,-3.34939759,6.048192771,8.900763359,-6.641221374,-2.961832061,101.1189918,31.10641014,NO
-6.807228916,-3.012048193,5.86746988,11.14503817,-16.76335878,14.88549618,101.1174656,31.10641014,NO
-6.987951807,-3.554216867,5.722891566,16.94656489,-6.93129771,9.328244275,101.1174656,31.10641014,NO
-7.481927711,-3.180722892,5.674698795,16.13740458,0.961832061,3.511450382,101.1128867,31.10641014,NO
-7.265060241,-2.819277108,5.56626506,19.35877863,-5.20610687,-1.877862595,101.1159393,31.10641014,NO
-7.180722892,-2.626506024,5.903614458,20.1221374,-3.709923664,-6.900763359,101.1128867,31.10641014,NO
-7.445783133,-3.096385542,5.602409639,25.20610687,0.13740458,-8.152671756,101.1128867,31.10641014,NO
-7.361445783,-3.192771084,5.771084337,27.64885496,-9.496183206,-9.603053435,101.1220444,31.10641014,NO
-7.313253012,-3.457831325,5.313253012,32.15267176,-7.984732824,-11.70992366,101.114413,31.10641014,NO
-7.746987952,-3.289156627,5.361445783,36.19847328,-1.465648855,-2.65648855,101.1174656,31.10641014,NO
-7.542168675,-3.120481928,6.024096386,37.17557252,-7.969465649,4.717557252,101.1174656,31.10641014,NO
-7.927710843,-3.204819277,5.795180723,38.96183206,-14.1221374,1.58778626,101.1291787,31.14808466,NO
-7.481927711,-2.722891566,5.759036145,41.38931298,-15.35877863,7.755725191,101.1276523,31.14808466,NO
-7.481927711,-2.289156627,6.036144578,45.09923664,-13.95419847,11.89312977,101.1276523,31.14808466,NO
-7.228915663,-1.975903614,6.469879518,39.51145038,-14.61068702,9.526717557,101.1307051,31.14808466,NO
-7.036144578,-1.927710843,6.373493976,36.19847328,-11.63358779,5.007633588,101.1245995,31.14808466,NO
-7.096385542,-2.265060241,5.698795181,42.87022901,-4.687022901,4.015267176,101.1322316,31.14808466,NO
-7.879518072,-2.879518072,6.602409639,48.13740458,1.511450382,2.198473282,101.1291787,31.14808466,NO
-7.710843373,-2.192771084,6.301204819,50.6259542,-1.816793893,5.435114504,101.1245995,31.14808466,NO
-7.43373494,-2.036144578,5.686746988,56.82442748,-3.709923664,8.167938931,101.1276523,31.14808466,NO
-7.313253012,-1.34939759,6.445783133,69.90839695,-5.129770992,12.45801527,101.1230731,31.14808466,NO
-7.590361446,-1.445783133,6.530120482,64.73282443,-7.129770992,11.95419847,101.1245995,31.14808466,NO
-6.975903614,-1.096385542,6.493975904,71.23664122,-8.366412214,11.2519084,101.1291787,31.14808466,NO
-6.951807229,-1.325301205,6.337349398,69.3129771,-8.290076336,11.86259542,101.1291787,31.14808466,NO
-7.421686747,-0.638554217,6.674698795,85.92366412,3.740458015,19.49618321,101.1245995,31.14808466,NO
1.168674699,9.253012048,9.253012048,-29.86259542,71.70992366,-107.4045802,101.2306325,31.9442169,NO
1.096385542,9.096385542,9.096385542,8.641221374,41.40458015,-6.900763359,101.0884348,31.9442169,NO
1.180722892,9.156626506,9.156626506,14.87022901,39.96946565,-6.41221374,101.0914928,31.9442169,NO
1.289156627,9.421686747,9.421686747,11.09923664,41.63358779,-1.709923664,101.0884348,31.9442169,NO
1.096385542,9.614457831,9.614457831,7.221374046,44.32061069,3.58778626,101.0823188,31.9442169,NO
0.903614458,9.819277108,9.819277108,2.93129771,41.64885496,5.740458015,101.0838478,31.9442169,NO
0.662650602,9.674698795,9.674698795,1.404580153,34.87022901,4.79389313,101.0914928,31.9442169,NO
0.530120482,9.771084337,9.771084337,-1.419847328,25.92366412,4.916030534,101.0884348,31.9442169,NO
0.602409639,9.578313253,9.578313253,-7.038167939,19.11450382,4.290076336,101.0853768,31.9442169,NO
0.638554217,9.385542169,9.385542169,-10.6259542,14,3.648854962,101.0838478,31.9442169,NO
0.710843373,9.301204819,9.301204819,-0.717557252,14.70229008,1.954198473,101.0838478,31.9442169,NO
0.78313253,9.144578313,9.144578313,3.877862595,17.35877863,0.900763359,101.0853768,31.9442169,NO
1.036144578,9.204819277,9.204819277,7.633587786,17.34351145,0.259541985,101.0777318,31.9442169,NO
0.975903614,9.373493976,9.373493976,5.557251908,15.63358779,-0.076335878,101.0792608,31.9442169,NO
0.86746988,9.409638554,9.409638554,1.083969466,12.73282443,-0.167938931,101.0762028,31.9442169,NO
0.963855422,9.337349398,9.337349398,0.13740458,8.870229008,-1.312977099,101.0823188,31.9442169,NO
1.096385542,9.518072289,9.518072289,1.480916031,3.20610687,-2.900763359,101.0838478,31.9442169,NO
1.397590361,9.746987952,9.746987952,4.519083969,0.229007634,-3.374045802,101.0762028,31.9442169,NO
1.530120482,9.78313253,9.78313253,9.114503817,2.79389313,-3.190839695,101.0792608,31.9442169,NO
1.734939759,10.04819277,10.04819277,8.366412214,-0.992366412,-3.450381679,101.0823188,31.9442169,NO
1.807228916,9.819277108,9.819277108,-5.58778626,-4.839694656,-4.854961832,101.0792608,31.9442169,NO
1.518072289,9.506024096,9.506024096,-20.44274809,-8.366412214,-8.244274809,101.0777318,31.9442169,NO
1.168674699,9.204819277,9.204819277,-26.24427481,-10.32061069,-9.572519084,101.0731448,31.9442169,NO
1,9.120481928,9.120481928,-20.32061069,-14.48854962,-8.977099237,101.0792608,31.9442169,NO
1.060240964,9.385542169,9.385542169,-13.35877863,-19.74045802,-6.519083969,101.0838478,31.9442169,NO
1.192771084,9.831325301,9.831325301,-8.65648855,-19.86259542,-2.396946565,101.0731448,31.9442169,NO
0.975903614,9.686746988,9.686746988,-13.00763359,-20.67175573,-2.824427481,101.0731448,31.9442169,NO
1.120481928,9.277108434,9.277108434,-15.86259542,-21.17557252,-7.038167939,101.0746738,31.9442169,NO
1.361445783,8.795180723,8.795180723,-22.30534351,-19.51145038,-10.07633588,101.0823188,31.9442169,NO
1.638554217,8.759036145,8.759036145,-9.435114504,-20.39694656,-5.022900763,101.0762028,31.9442169,NO
1.578313253,9.325301205,9.325301205,14.82442748,-21.72519084,2.488549618,101.0777318,31.9442169,NO
1.626506024,9.518072289,9.518072289,14.22900763,-22.80916031,7.450381679,101.0762028,31.9442169,NO
1.78313253,9.34939759,9.34939759,4.076335878,-22.7480916,9.129770992,101.0823188,31.9442169,NO
1.915662651,9.277108434,9.277108434,1.053435115,-23.8778626,9.221374046,101.0823188,31.9442169,NO
2.060240964,9.012048193,9.012048193,-2.41221374,-25.11450382,7.908396947,101.0762028,31.9442169,NO
2.048192771,8.987951807,8.987951807,6.213740458,-23.32824427,11.38931298,101.0807898,31.9442169,NO
1.855421687,9.084337349,9.084337349,14.32061069,-20.82442748,16.1221374,101.0762028,31.9442169,NO
1.385542169,9.13253012,9.13253012,16.27480916,-19.48091603,23.66412214,101.0777318,31.9442169,NO
1.289156627,8.831325301,8.831325301,5.816793893,-22.09160305,29.09923664,101.0716159,31.9442169,NO
1.518072289,8.759036145,8.759036145,-0.625954198,-28.96183206,34.53435115,101.0792608,31.9442169,NO
2.036144578,8.891566265,8.891566265,-8.381679389,-35.63358779,43.81679389,101.0746738,31.9442169,NO
2.518072289,8.722891566,8.722891566,-5.938931298,-32.27480916,52.22900763,101.0700869,31.9442169,NO
2.86746988,8.518072289,8.518072289,13.51145038,-26.83969466,60.33587786,101.0762028,31.9442169,NO
2.710843373,8.409638554,8.409638554,17.84732824,-17.12977099,63.80152672,101.0670289,31.9442169,NO
2.012048193,7.734939759,7.734939759,4.839694656,8.045801527,62.35114504,101.0777318,31.9442169,NO
1.518072289,6.975903614,6.975903614,-14.96183206,15.20610687,62.42748092,101.0716159,31.9442169,NO
1.78313253,6.698795181,6.698795181,7.221374046,6.885496183,67.57251908,101.0777318,31.9442169,NO
1.843373494,6.819277108,6.819277108,41.12977099,8.610687023,70.01526718,101.0762028,31.9442169,NO
2.192771084,7.43373494,7.43373494,24.41221374,3.175572519,73.29770992,101.0777318,31.9442169,NO
2.156626506,7.542168675,7.542168675,5.603053435,-1.099236641,72.58015267,101.0777318,31.9442169,NO
2.56626506,7.481927711,7.481927711,29.49618321,6.717557252,67.2519084,101.0731448,31.9442169,NO
2.325301205,8.373493976,8.373493976,41.2519084,13.08396947,48.96183206,101.0947633,32.02128994,NO
2.734939759,7.602409639,7.602409639,50.19847328,15.3740458,47.40458015,101.099351,32.02128994,NO
3.120481928,7.21686747,7.21686747,44.58015267,7.374045802,39.83206107,101.0917048,32.02128994,NO
3.301204819,6.903614458,6.903614458,42.82442748,0.396946565,35.02290076,101.0962925,32.02128994,NO
3.289156627,6.554216867,6.554216867,31.80152672,-1.572519084,30.36641221,101.093234,32.02128994,NO
3.301204819,6.012048193,6.012048193,35.9389313,7.053435115,23.19083969,101.0978218,32.02128994,NO
3.253012048,6.168674699,6.168674699,54.15267176,12.27480916,20.10687023,101.0978218,32.02128994,NO
3.43373494,6.409638554,6.409638554,57.11450382,14.15267176,17.08396947,101.093234,32.02128994,NO
3.506024096,6.301204819,6.301204819,48.93129771,8.13740458,13.70992366,101.1008803,32.02128994,NO
3.795180723,6.21686747,6.21686747,44.38167939,0.748091603,8,101.1008803,32.02128994,NO
3.915662651,6.578313253,6.578313253,52.24427481,1.496183206,1.435114504,101.0947633,32.02128994,NO
3.518072289,7.048192771,7.048192771,60.5648855,8.458015267,-6.091603053,101.0901755,32.02128994,NO
3.036144578,7.120481928,7.120481928,63.60305344,16.73282443,-18.38167939,101.0947633,32.02128994,NO
3.120481928,6.879518072,6.879518072,57.78625954,23.38931298,-30.39694656,101.1008803,32.02128994,NO
3.084337349,7.120481928,7.120481928,58.64122137,17.2519084,-38.7480916,101.0978218,32.02128994,NO
3.602409639,7.56626506,7.56626506,66.07633588,7.709923664,-43.48091603,101.0962925,32.02128994,NO
3.481927711,8.421686747,8.421686747,73.96946565,8.427480916,-44.1221374,101.0947633,32.02128994,NO
3.927710843,8.939759036,8.939759036,69.58778626,12.45801527,-51.26717557,101.0947633,32.02128994,NO
3.759036145,8.903614458,8.903614458,82.16793893,21.28244275,-59.26717557,101.0962925,32.02128994,NO
3.301204819,7.987951807,7.987951807,107.3435115,18.47328244,-66.87022901,101.0947633,32.02128994,NO
3.518072289,7.108433735,7.108433735,116.1374046,16.82442748,-71.17557252,101.0962925,32.02128994,NO
2.277108434,7.506024096,7.506024096,111.5725191,20.96183206,-96.47328244,101.0962925,32.02128994,NO
2.120481928,7.554216867,7.554216867,114.3969466,9.114503817,-75.32824427,101.0978218,32.02128994,NO
1.819277108,7.674698795,7.674698795,113.2671756,3.34351145,-73.09923664,101.1008803,32.02128994,NO
1.228915663,7.024096386,7.024096386,92.5648855,-8.152671756,-67.09923664,101.099351,32.02128994,NO
0.674698795,8.590361446,8.590361446,84.01526718,-2.564885496,-64.70229008,101.1024095,32.02128994,NO
0.65060241,11.3373494,11.3373494,90.87022901,-6.381679389,-48.04580153,101.0962925,32.02128994,NO
1.481927711,14.75903614,14.75903614,134.1068702,-10.45801527,-36.16793893,101.1039388,32.02128994,NO
0.86746988,14.95180723,14.95180723,331.6183206,18.29007634,-16.24427481,101.0962925,32.02128994,NO
4.301204819,-0.180722892,-0.180722892,500.2748092,29.78625954,-16.1221374,101.1008803,32.02128994,YES
2.987951807,7.831325301,7.831325301,63.83206107,40.88549618,15.2519084,101.093234,32.02128994,NO
6.277108434,6.590361446,6.590361446,-137.5572519,50.58015267,52.0610687,101.0947633,32.02128994,NO
4.746987952,7.602409639,7.602409639,-59.3129771,51.48091603,38.88549618,101.0962925,32.02128994,NO
3.108433735,7.060240964,7.060240964,-82.32061069,59.95419847,37.86259542,101.1024095,32.02128994,NO
1.56626506,5.445783133,5.445783133,-89.54198473,76.42748092,26.94656489,101.099351,32.02128994,NO
0.987951807,5.481927711,5.481927711,-133.7251908,76.1221374,27.06870229,101.105468,32.02128994,NO
0.409638554,4.542168675,4.542168675,-250.3664122,46.59541985,38.80916031,101.0947633,32.02128994,NO
0.337349398,5.060240964,5.060240964,-356.5801527,14.29007634,60.7480916,101.1024095,32.02128994,NO
3.036144578,5.927710843,5.927710843,-404.5801527,-11.92366412,93.66412214,101.0917048,32.02128994,NO
4.698795181,7.277108434,7.277108434,-439.129771,-22.42748092,100.3358779,101.099351,32.02128994,NO
6.34939759,9.325301205,9.325301205,-350.5038168,-32.6259542,103.4198473,101.093234,32.02128994,NO
10.73493976,10.01204819,10.01204819,-256.6870229,-42.18320611,85.12977099,101.0917048,32.02128994,NO
5.313253012,7.795180723,7.795180723,-36.67175573,22.59541985,62.91603053,101.0947633,32.02128994,NO
4.301204819,6.771084337,6.771084337,-10.99236641,43.03816794,3.129770992,101.093234,32.02128994,NO
3.951807229,8.987951807,8.987951807,-100.519084,46.94656489,-1.801526718,101.0901755,32.02128994,NO
2.253012048,6.891566265,6.891566265,-135.0992366,21.29770992,6.091603053,101.0901755,32.02128994,NO
-0.060240964,7.337349398,7.337349398,-139.8931298,-3.20610687,29.3740458,101.0886463,32.02128994,NO
0.13253012,7.626506024,7.626506024,-160.4274809,-23.09923664,45.78625954,101.0978218,32.02128994,NO
2.21686747,7.289156627,7.289156627,-115.2977099,-17.77099237,59.69465649,101.0947633,32.02128994,NO
3.891566265,6.771084337,6.771084337,-115.1145038,-6.977099237,49.67938931,101.0886463,32.02128994,NO
3.313253012,6.614457831,6.614457831,-90.16793893,6.946564885,51.12977099,101.0917048,32.02128994,NO
3.277108434,8.325301205,8.325301205,-59.61832061,14.24427481,80.07633588,101.0983548,32.04499896,NO
1.096385542,8.78313253,8.78313253,-107.7251908,15.51145038,83.09923664,101.1060015,32.04499896,NO
-0.638554217,6.734939759,6.734939759,-127.7862595,14.48854962,82.13740458,101.0983548,32.04499896,NO
1.722891566,6.024096386,6.024096386,-147.740458,-2.13740458,79.52671756,101.0998842,32.04499896,NO
3.409638554,8.240963855,8.240963855,-125.7557252,-23.00763359,80.59541985,101.1014135,32.04499896,NO
3.722891566,7.144578313,7.144578313,-95.32824427,-32.01526718,83.95419847,101.1029428,32.04499896,NO
3.65060241,6.34939759,6.34939759,-87.4351145,-15.72519084,76.48854962,101.0983548,32.04499896,NO
2.21686747,4.530120482,4.530120482,-65.81679389,-23.75572519,100.0610687,101.1044721,32.04499896,NO
0.518072289,3.903614458,3.903614458,-62.5648855,-27.55725191,117.3740458,101.1014135,32.04499896,NO
-1.325301205,0.518072289,0.518072289,-25.48091603,-7.923664122,138.259542,101.1014135,32.04499896,NO
1.975903614,-2.240963855,-2.240963855,25.67938931,25.32824427,140.0458015,101.1029428,32.04499896,NO
3.638554217,1.795180723,1.795180723,74.29007634,-20.21374046,150.9465649,101.1014135,32.04499896,NO
1.277108434,0.156626506,0.156626506,63.90839695,-56.01526718,179.2671756,101.0968255,32.04499896,NO
3.903614458,-3.771084337,-3.771084337,76.42748092,-36.21374046,180.0458015,101.1014135,32.04499896,NO
10.39759036,-3.373493976,-3.373493976,258.0458015,-59.3740458,184.1832061,101.0998842,32.04499896,NO
15.73493976,-1.277108434,-1.277108434,138.7633588,-70.65648855,25.40458015,101.1044721,32.04499896,NO
24.3373494,6.409638554,6.409638554,97.83206107,-35.03816794,-61.09923664,101.0998842,32.04499896,YES
24.63855422,0.86746988,0.86746988,28.24427481,-64.18320611,-87.95419847,101.1044721,32.04499896,YES
23.90361446,0.108433735,0.108433735,-51.66412214,85.45038168,-104.3358779,101.1014135,32.04499896,YES
15.55421687,-7.879518072,-7.879518072,-32.6259542,200.6717557,-224.1374046,101.0998842,32.04499896,NO
1.831325301,-2.337349398,-2.337349398,88.10687023,193.6946565,-231.389313,101.0922375,32.04499896,NO
-0.578313253,0.493975904,0.493975904,203.221374,255.2824427,-178.870229,101.1029428,32.04499896,NO
3.409638554,5.337349398,5.337349398,118.9007634,182.1984733,-142.5648855,101.1014135,32.04499896,NO
4.843373494,7.21686747,7.21686747,-55.16030534,160.0916031,-125.9236641,101.0922375,32.04499896,NO
24.57831325,22.86746988,22.86746988,-66.80916031,154.9923664,-133.0992366,101.0968255,32.04499896,YES
17.01204819,18.38554217,18.38554217,-129.6335878,-339.3282443,271.1450382,101.0952962,32.04499896,YES
-8.180722892,-10.1686747,-10.1686747,-500.259542,318.610687,-378,101.0968255,32.04499896,YES
-3.951807229,4.13253012,4.13253012,-171.4961832,280.7633588,-12.15267176,101.0952962,32.04499896,NO
-6.927710843,1.746987952,1.746987952,378.4580153,362.0763359,54.47328244,101.0937669,32.04499896,YES
-0.21686747,5.21686747,5.21686747,77.02290076,103.2671756,39.34351145,101.0983548,32.04499896,NO
8.807228916,-2.578313253,-2.578313253,-396.8244275,-93.00763359,26.21374046,101.1029428,32.04499896,NO
4.506024096,0.722891566,0.722891566,-332.6870229,-88.27480916,50.1221374,101.0983548,32.04499896,NO
13.59036145,2.65060241,2.65060241,-27.55725191,105.5572519,6.106870229,101.0891789,32.04499896,NO
5.43373494,0.204819277,0.204819277,-45.19083969,21.14503817,39.96946565,101.0952962,32.04499896,NO
1.674698795,-0.975903614,-0.975903614,-144.8854962,196.5648855,17.57251908,101.0998842,32.04499896,NO
-1.192771084,2.915662651,2.915662651,-81.49618321,181.6030534,-2.580152672,101.1044721,32.04499896,NO
-3.289156627,3.325301205,3.325301205,21.72519084,137.2671756,-39.61832061,101.0983548,32.04499896,NO
-3.710843373,0.21686747,0.21686747,-8.290076336,111.0839695,-58.39694656,101.1014135,32.04499896,NO
-0.963855422,0.710843373,0.710843373,27.41984733,51.49618321,-41.20610687,101.0922375,32.04499896,NO
1.710843373,1.963855422,1.963855422,51.09923664,11.4351145,4.977099237,101.0968255,32.04499896,NO
3.795180723,3.144578313,3.144578313,13.08396947,7.648854962,10.70229008,101.0922375,32.04499896,NO
2.975903614,3.963855422,3.963855422,-13.57251908,7.175572519,-7.893129771,101.0937669,32.04499896,NO
2.108433735,3.048192771,3.048192771,-5.465648855,-2.13740458,-19.3129771,101.0968255,32.04499896,NO
0.771084337,1.819277108,1.819277108,23.29770992,-5.282442748,-20.83969466,101.0983548,32.04499896,NO
0.469879518,1.746987952,1.746987952,14.7480916,-12.04580153,-14.27480916,101.0876496,32.04499896,NO
1.421686747,2.012048193,2.012048193,-8.519083969,-13.67938931,-7.312977099,101.0922375,32.04499896,NO
2.855421687,2.43373494,2.43373494,11.80152672,-12.04580153,-7.648854962,101.0937669,32.04499896,NO
3.78313253,3.493975904,3.493975904,26.22900763,-11.92366412,-9.832061069,101.0952962,32.04499896,NO
3.481927711,4.469879518,4.469879518,11.84732824,-2,-13.2519084,101.0907082,32.04499896,NO
2.975903614,4.012048193,4.012048193,4.167938931,8.580152672,-16.03053435,101.0922375,32.04499896,NO
2.554216867,3.710843373,3.710843373,10.21374046,8.870229008,-14.6870229,101.0922375,32.04499896,NO
2.096385542,3.56626506,3.56626506,26.58015267,-2.534351145,-11.89312977,101.0972244,32.06277896,NO
1.578313253,3.843373494,3.843373494,29.77099237,-9.557251908,-10.45801527,101.1109888,32.06277896,NO
1.120481928,4.168674699,4.168674699,37.57251908,-10.48854962,-3.832061069,101.1033419,32.06277896,NO
1.036144578,4.445783133,4.445783133,60.30534351,-15.02290076,2.244274809,101.0972244,32.06277896,NO
2.060240964,4.807228916,4.807228916,72.82442748,-20.88549618,6.778625954,101.1064007,32.06277896,NO
2.915662651,4.831325301,4.831325301,88.27480916,-28.04580153,8.671755725,101.0972244,32.06277896,NO
3.626506024,4.951807229,4.951807229,96.10687023,-25.41984733,9.160305344,101.1018125,32.06277896,NO
3.746987952,4.698795181,4.698795181,102.9007634,-16.24427481,10.22900763,101.1002831,32.06277896,NO
4.13253012,4.891566265,4.891566265,106.7480916,-9.145038168,8.320610687,101.1002831,32.06277896,NO
4.277108434,5.481927711,5.481927711,97.45038168,-14.15267176,10.22900763,101.1033419,32.06277896,NO
3.698795181,5.951807229,5.951807229,75.29770992,-16.71755725,11.81679389,101.1048713,32.06277896,NO
3.481927711,5.722891566,5.722891566,59.00763359,-15.83206107,6.885496183,101.1018125,32.06277896,NO
3.542168675,6.506024096,6.506024096,58.32061069,-19.2519084,15.54198473,101.1048713,32.06277896,NO
3.421686747,6.722891566,6.722891566,76.32061069,-11.20610687,11.70992366,101.095695,32.06277896,NO
3.228915663,7.168674699,7.168674699,100.1984733,-5.786259542,3.557251908,101.1002831,32.06277896,NO
2.843373494,7.373493976,7.373493976,98.07633588,-9.633587786,1.297709924,101.1002831,32.06277896,NO
2.831325301,7.277108434,7.277108434,81.09923664,-23.74045802,2.290076336,101.095695,32.06277896,NO
2.759036145,7.204819277,7.204819277,70.87022901,-29.98473282,0.763358779,101.1002831,32.06277896,NO
3.144578313,7.325301205,7.325301205,89.95419847,-29.80152672,-3.160305344,101.1002831,32.06277896,NO
3.457831325,7.879518072,7.879518072,100.6717557,-24.96183206,-5.86259542,101.0972244,32.06277896,NO
3.614457831,8.168674699,8.168674699,119.5419847,-20.61068702,-14.82442748,101.0972244,32.06277896,NO
3.144578313,8.120481928,8.120481928,152.0305344,-17.11450382,-18.21374046,101.0987538,32.06277896,NO
2.542168675,7.771084337,7.771084337,159.4198473,-17.60305344,-18.90076336,101.1018125,32.06277896,NO
2.156626506,8.698795181,8.698795181,160.3053435,-19.3129771,-8.580152672,101.1018125,32.06277896,NO
2.144578313,8.807228916,8.807228916,179.0534351,-19.46564885,-1.312977099,101.095695,32.06277896,NO
2.240963855,8.771084337,8.771084337,173.0381679,-17.9389313,4.015267176,101.095695,32.06277896,NO
2.807228916,9.493975904,9.493975904,164.3358779,-13.4351145,15.05343511,101.0972244,32.06277896,NO
3.34939759,9.445783133,9.445783133,166.4885496,-9.679389313,16.44274809,101.0987538,32.06277896,NO
2.771084337,9.192771084,9.192771084,152.9770992,-7.740458015,21.74045802,101.0972244,32.06277896,NO
2.072289157,9.397590361,9.397590361,151.9389313,-4.687022901,31.95419847,101.0987538,32.06277896,NO
1.56626506,8.698795181,8.698795181,148.1984733,-2.992366412,48.15267176,101.1018125,32.06277896,NO