Shimmer	Shimmer	Shimmer	Shimmer	Shimmer	Shimmer	Shimmer	Shimmer	Shimmer	Shimmer	Shimmer	Shimmer	Shimmer	Shimmer	
Timestamp	Timestamp	Low Noise Accelerometer X	Low Noise Accelerometer X	Low Noise Accelerometer Y	Low Noise Accelerometer Y	Low Noise Accelerometer Z	Low Noise Accelerometer Z	Gyroscope X	Gyroscope X	Gyroscope Y	Gyroscope Y	Gyroscope Z	Gyroscope Z	
RAW	CAL	RAW	CAL	RAW	CAL	RAW	CAL	RAW	CAL	RAW	CAL	RAW	CAL	
no units	mSecs	no units	m/(sec^2)*	no units	m/(sec^2)*	no units	m/(sec^2)*	no units	deg/sec*	no units	deg/sec*	no units	deg/sec*	
640	24000	2827	-2.19277108433735	2229	-9.39759036144578	2274	-2.73493975903614	0	0	0	0	0	0	
1280	24019.53125	2828	-2.16867469879518	2227	-9.40963855421687	2271	-2.69879518072289	521	0.473282442748092	-31	-7.95419847328244	-271	4.13740458015267	
1920	24039.0625	2828	-2.16867469879518	2227	-9.40963855421687	2271	-2.69879518072289	-55	-0.137404580152672	9	0.83969465648855	54	-0.82442748091603	
2560	24058.59375	2827	-2.18072289156627	2228	-9.39759036144578	2269	-2.67469879518072	-73	-0.274809160305344	18	1.11450381679389	62	-0.946564885496183	
3200	24078.125	2828	-2.18072289156627	2228	-9.40963855421687	2271	-2.69879518072289	-56	-0.0305343511450382	2	0.854961832061069	64	-0.977099236641221	
3840	24097.65625	2827	-2.14457831325301	2225	-9.39759036144578	2272	-2.71084337349398	-80	0.0305343511450382	-2	1.22137404580153	45	-0.687022900763359	
4480	24117.1875	2827	-2.12048192771084	2223	-9.39759036144578	2274	-2.73493975903614	-109	0.0610687022900763	-4	1.66412213740458	38	-0.580152671755725	
5120	24136.71875	2828	-2.16867469879518	2227	-9.40963855421687	2274	-2.73493975903614	-117	0.0763358778625954	-5	1.78625954198473	33	-0.50381679389313	
5760	24156.25	2828	-2.18072289156627	2228	-9.40963855421687	2273	-2.72289156626506	-133	0.229007633587786	-15	2.03053435114504	38	-0.580152671755725	
6400	24175.78125	2826	-2.21686746987952	2231	-9.3855421686747	2270	-2.68674698795181	-129	0	0	1.96946564885496	37	-0.564885496183206	
7040	24195.3125	2826	-2.19277108433735	2229	-9.3855421686747	2267	-2.65060240963855	-139	-0.0916030534351145	6	2.12213740458015	46	-0.702290076335878	
7680	24214.84375	2830	-2.18072289156627	2228	-9.43373493975904	2268	-2.66265060240964	-145	-0.0763358778625954	5	2.21374045801527	55	-0.83969465648855	
8320	24234.375	2833	-2.19277108433735	2229	-9.46987951807229	2268	-2.66265060240964	-145	0.229007633587786	-15	2.21374045801527	70	-1.06870229007634	
8960	24253.90625	2834	-2.18072289156627	2228	-9.48192771084337	2270	-2.68674698795181	-134	0.534351145038168	-35	2.04580152671756	86	-1.31297709923664	
9600	24273.4375	2830	-2.16867469879518	2227	-9.43373493975904	2269	-2.67469879518072	-119	1.0381679389313	-68	1.81679389312977	97	-1.48091603053435	
10240	24292.96875	2826	-2.16867469879518	2227	-9.3855421686747	2271	-2.69879518072289	-124	1.25190839694656	-82	1.89312977099237	100	-1.52671755725191	
10880	24312.5	2828	-2.16867469879518	2227	-9.40963855421687	2272	-2.71084337349398	-151	1.26717557251908	-83	2.30534351145038	98	-1.49618320610687	
11520	24332.03125	2829	-2.14457831325301	2225	-9.42168674698795	2271	-2.69879518072289	-150	1.32824427480916	-87	2.29007633587786	95	-1.45038167938931	
12160	24351.5625	2830	-2.14457831325301	2225	-9.43373493975904	2272	-2.71084337349398	-159	1.52671755725191	-100	2.42748091603053	94	-1.43511450381679	
12800	24371.09375	2828	-2.13253012048193	2224	-9.40963855421687	2274	-2.73493975903614	-158	1.52671755725191	-100	2.41221374045802	82	-1.25190839694656	
13440	24390.625	2827	-2.1566265060241	2226	-9.39759036144578	2269	-2.67469879518072	-153	1.90839694656489	-125	2.33587786259542	95	-1.45038167938931	
14080	24410.15625	2828	-2.13253012048193	2224	-9.40963855421687	2267	-2.65060240963855	-171	1.26717557251908	-83	2.61068702290076	96	-1.46564885496183	
14720	24429.6875	2831	-2.1566265060241	2226	-9.44578313253012	2268	-2.66265060240964	-187	1.05343511450382	-69	2.85496183206107	108	-1.64885496183206	
15360	24449.21875	2831	-2.18072289156627	2228	-9.44578313253012	2267	-2.65060240963855	-171	1.55725190839695	-102	2.61068702290076	117	-1.78625954198473	
16000	24468.75	2830	-2.19277108433735	2229	-9.43373493975904	2267	-2.65060240963855	-156	1.61832061068702	-106	2.38167938931298	112	-1.70992366412214	
16640	24488.28125	2827	-2.19277108433735	2229	-9.39759036144578	2262	-2.59036144578313	-146	1.45038167938931	-95	2.22900763358779	105	-1.6030534351145	
17280	24507.8125	2828	-2.16867469879518	2227	-9.40963855421687	2266	-2.63855421686747	-158	1.16030534351145	-76	2.41221374045802	120	-1.83206106870229	
17920	24527.34375	2827	-2.16867469879518	2227	-9.39759036144578	2267	-2.65060240963855	-132	1.14503816793893	-75	2.01526717557252	127	-1.93893129770992	
18560	24546.875	2826	-2.18072289156627	2228	-9.3855421686747	2267	-2.65060240963855	-100	1.2824427480916	-84	1.52671755725191	112	-1.70992366412214	
19200	24566.40625	2829	-2.18072289156627	2228	-9.42168674698795	2264	-2.6144578313253	-80	1.08396946564885	-71	1.22137404580153	89	-1.3587786259542	
19840	24585.9375	2831	-2.13253012048193	2224	-9.44578313253012	2265	-2.62650602409639	-95	1.12977099236641	-74	1.45038167938931	81	-1.23664122137405	
20480	24605.46875	2832	-2.10843373493976	2222	-9.45783132530121	2263	-2.60240963855422	-107	1.43511450381679	-94	1.63358778625954	86	-1.31297709923664	
21120	24625	2832	-2.13253012048193	2224	-9.45783132530121	2263	-2.60240963855422	-153	1.49618320610687	-98	2.33587786259542	106	-1.61832061068702	
21760	24644.53125	2831	-2.14457831325301	2225	-9.44578313253012	2265	-2.62650602409639	-169	1.52671755725191	-100	2.58015267175573	111	-1.69465648854962	
22400	24664.0625	2830	-2.18072289156627	2228	-9.43373493975904	2268	-2.66265060240964	-173	1.41984732824427	-93	2.6412213740458	97	-1.48091603053435	
23040	24683.59375	2831	-2.18072289156627	2228	-9.44578313253012	2268	-2.66265060240964	-127	1.52671755725191	-100	1.93893129770992	89	-1.3587786259542	
23680	24703.125	2832	-2.13253012048193	2224	-9.45783132530121	2267	-2.65060240963855	-143	1.77099236641221	-116	2.18320610687023	88	-1.34351145038168	
24320	24722.65625	2833	-2.09638554216868	2221	-9.46987951807229	2264	-2.6144578313253	-135	2.09160305343511	-137	2.06106870229008	90	-1.37404580152672	
24960	24742.1875	2828	-2.12048192771084	2223	-9.40963855421687	2259	-2.55421686746988	-103	2.18320610687023	-143	1.57251908396947	102	-1.55725190839695	
25600	24761.71875	2828	-2.16867469879518	2227	-9.40963855421687	2258	-2.5421686746988	-118	1.63358778625954	-107	1.80152671755725	100	-1.52671755725191	
26240	24781.25	2829	-2.20481927710843	2230	-9.42168674698795	2259	-2.55421686746988	-111	1.2824427480916	-84	1.69465648854962	104	-1.58778625954198	
26880	24800.78125	2831	-2.19277108433735	2229	-9.44578313253012	2261	-2.57831325301205	-113	0.778625954198473	-51	1.72519083969466	105	-1.6030534351145	
27520	24820.3125	2835	-2.18072289156627	2228	-9.49397590361446	2262	-2.59036144578313	-112	0.793893129770992	-52	1.70992366412214	115	-1.75572519083969	
28160	24839.84375	2832	-2.13253012048193	2224	-9.45783132530121	2261	-2.57831325301205	-109	1.0381679389313	-68	1.66412213740458	127	-1.93893129770992	
28800	24859.375	2827	-2.16867469879518	2227	-9.39759036144578	2260	-2.56626506024096	-111	0.961832061068702	-63	1.69465648854962	140	-2.13740458015267	
29440	24878.90625	2829	-2.1566265060241	2226	-9.42168674698795	2259	-2.55421686746988	-79	0.931297709923664	-61	1.20610687022901	122	-1.86259541984733	
30080	24898.4375	2829	-2.14457831325301	2225	-9.42168674698795	2257	-2.53012048192771	-44	0.412213740458015	-27	0.67175572519084	100	-1.52671755725191	
30720	24917.96875	2833	-2.20481927710843	2230	-9.46987951807229	2257	-2.53012048192771	-33	-0.0610687022900763	4	0.50381679389313	99	-1.51145038167939	
31360	24937.5	2831	-2.14457831325301	2225	-9.44578313253012	2261	-2.57831325301205	-40	0.290076335877863	-19	0.610687022900763	102	-1.55725190839695	
32000	24957.03125	2829	-2.12048192771084	2223	-9.42168674698795	2260	-2.56626506024096	-29	0.488549618320611	-32	0.442748091603053	87	-1.32824427480916	
32640	24976.5625	2833	-2.13253012048193	2224	-9.46987951807229	2260	-2.56626506024096	-56	-0.244274809160305	16	0.854961832061069	68	-1.0381679389313	
33280	24996.09375	2829	-2.09638554216868	2221	-9.42168674698795	2260	-2.56626506024096	-60	0.458015267175573	-30	0.916030534351145	77	-1.17557251908397	
33920	25015.625	2827	-2.06024096385542	2218	-9.39759036144578	2261	-2.57831325301205	-67	0.290076335877863	-19	1.02290076335878	57	-0.870229007633588	
34560	25035.15625	2830	-2.09638554216868	2221	-9.43373493975904	2260	-2.56626506024096	-36	-0.534351145038168	35	0.549618320610687	34	-0.519083969465649	
35200	25054.6875	2828	-2.13253012048193	2224	-9.40963855421687	2263	-2.60240963855422	-33	-0.702290076335878	46	0.50381679389313	28	-0.427480916030534	
35840	25074.21875	2832	-2.13253012048193	2224	-9.45783132530121	2263	-2.60240963855422	-43	-1.06870229007634	70	0.656488549618321	29	-0.442748091603053	
36480	25093.75	2835	-2.08433734939759	2220	-9.49397590361446	2266	-2.63855421686747	-72	-0.931297709923664	61	1.09923664122137	25	-0.381679389312977	
37120	25113.28125	2835	-2.03614457831325	2216	-9.49397590361446	2265	-2.62650602409639	-86	-0.442748091603053	29	1.31297709923664	28	-0.427480916030534	
37760	25132.8125	2833	-2.06024096385542	2218	-9.46987951807229	2263	-2.60240963855422	-85	-0.0152671755725191	1	1.29770992366412	27	-0.412213740458015	
38400	25152.34375	2831	-2.09638554216868	2221	-9.44578313253012	2259	-2.55421686746988	-85	0.122137404580153	-8	1.29770992366412	21	-0.320610687022901	
39040	25171.875	2831	-2.10843373493976	2222	-9.44578313253012	2263	-2.60240963855422	-126	0.0763358778625954	-5	1.9236641221374	30	-0.458015267175573	
39680	25191.40625	2829	-2.10843373493976	2222	-9.42168674698795	2264	-2.6144578313253	-118	0.0610687022900763	-4	1.80152671755725	26	-0.396946564885496	
40320	25210.9375	2832	-2.08433734939759	2220	-9.45783132530121	2264	-2.6144578313253	-119	-0.244274809160305	16	1.81679389312977	33	-0.50381679389313	
40960	25230.46875	2831	-2.08433734939759	2220	-9.44578313253012	2262	-2.59036144578313	-132	-0.152671755725191	10	2.01526717557252	18	-0.274809160305344	
41600	25250	2835	-2.10843373493976	2222	-9.49397590361446	2262	-2.59036144578313	-127	-0.442748091603053	29	1.93893129770992	25	-0.381679389312977	
42240	25269.53125	2829	-2.14457831325301	2225	-9.42168674698795	2262	-2.59036144578313	-120	-0.290076335877863	19	1.83206106870229	23	-0.351145038167939	
42880	25289.0625	2828	-2.1566265060241	2226	-9.40963855421687	2258	-2.5421686746988	-118	-0.274809160305344	18	1.80152671755725	36	-0.549618320610687	
43520	25308.59375	2827	-2.19277108433735	2229	-9.39759036144578	2258	-2.5421686746988	-121	-1.02290076335878	67	1.84732824427481	29	-0.442748091603053	
44160	25328.125	2831	-2.19277108433735	2229	-9.44578313253012	2262	-2.59036144578313	-113	-1.45038167938931	95	1.72519083969466	43	-0.656488549618321	
44800	25347.65625	2832	-2.21686746987952	2231	-9.45783132530121	2264	-2.6144578313253	-112	-1.37404580152672	90	1.70992366412214	49	-0.748091603053435	
45440	25367.1875	2832	-2.20481927710843	2230	-9.45783132530121	2264	-2.6144578313253	-98	-1.17557251908397	77	1.49618320610687	58	-0.885496183206107	
46080	25386.71875	2831	-2.18072289156627	2228	-9.44578313253012	2263	-2.60240963855422	-67	-1.02290076335878	67	1.02290076335878	52	-0.793893129770992	
46720	25406.25	2830	-2.1566265060241	2226	-9.43373493975904	2265	-2.62650602409639	-60	-0.549618320610687	36	0.916030534351145	51	-0.778625954198473	
47360	25425.78125	2829	-2.14457831325301	2225	-9.42168674698795	2266	-2.63855421686747	-94	-0.381679389312977	25	1.43511450381679	36	-0.549618320610687	
48000	25445.3125	2828	-2.13253012048193	2224	-9.40963855421687	2265	-2.62650602409639	-92	-0.0916030534351145	6	1.40458015267176	19	-0.290076335877863	
48640	25464.84375	2826	-2.14457831325301	2225	-9.3855421686747	2265	-2.62650602409639	-77	-0.244274809160305	16	1.17557251908397	-1	0.0152671755725191	
49280	25484.375	2836	-2.14457831325301	2225	-9.50602409638554	2263	-2.60240963855422	-66	-0.549618320610687	36	1.00763358778626	-7	0.106870229007634	
49920	25503.90625	2838	-2.12048192771084	2223	-9.53012048192771	2263	-2.60240963855422	-91	0.33587786259542	-22	1.38931297709924	15	-0.229007633587786	
50560	25523.4375	2836	-2.10843373493976	2222	-9.50602409638554	2259	-2.55421686746988	-66	0.732824427480916	-48	1.00763358778626	23	-0.351145038167939	
51200	25542.96875	2833	-2.09638554216868	2221	-9.46987951807229	2263	-2.60240963855422	-81	0.366412213740458	-24	1.23664122137405	47	-0.717557251908397	
51840	25562.5	2830	-2.09638554216868	2221	-9.43373493975904	2263	-2.60240963855422	-63	0.366412213740458	-24	0.961832061068702	47	-0.717557251908397	
52480	25582.03125	2827	-2.09638554216868	2221	-9.39759036144578	2266	-2.63855421686747	-85	0.366412213740458	-24	1.29770992366412	59	-0.900763358778626	
53120	25601.5625	2830	-2.10843373493976	2222	-9.43373493975904	2269	-2.67469879518072	-91	-0.244274809160305	16	1.38931297709924	65	-0.99236641221374	
53760	25621.09375	2830	-2.13253012048193	2224	-9.43373493975904	2268	-2.66265060240964	-95	-0.183206106870229	12	1.45038167938931	59	-0.900763358778626	
54400	25640.625	2830	-2.12048192771084	2223	-9.43373493975904	2265	-2.62650602409639	-114	-0.381679389312977	25	1.74045801526718	55	-0.83969465648855	
55040	25660.15625	2832	-2.13253012048193	2224	-9.45783132530121	2261	-2.57831325301205	-113	-0.458015267175573	30	1.72519083969466	67	-1.02290076335878	
55680	25679.6875	2829	-2.13253012048193	2224	-9.42168674698795	2262	-2.59036144578313	-128	-0.396946564885496	26	1.95419847328244	64	-0.977099236641221	
56320	25699.21875	2829	-2.1566265060241	2226	-9.42168674698795	2263	-2.60240963855422	-113	-0.458015267175573	30	1.72519083969466	52	-0.793893129770992	
56960	25718.75	2831	-2.21686746987952	2231	-9.44578313253012	2264	-2.6144578313253	-119	-0.381679389312977	25	1.81679389312977	35	-0.534351145038168	
57600	25738.28125	2830	-2.1566265060241	2226	-9.43373493975904	2265	-2.62650602409639	-107	-0.366412213740458	24	1.63358778625954	55	-0.83969465648855	
58240	25757.8125	2834	-2.1566265060241	2226	-9.48192771084337	2262	-2.59036144578313	-83	-0.687022900763359	45	1.26717557251908	39	-0.595419847328244	
58880	25777.34375	2834	-2.19277108433735	2229	-9.48192771084337	2264	-2.6144578313253	-78	-0.137404580152672	9	1.19083969465649	51	-0.778625954198473	
59520	25796.875	2834	-2.18072289156627	2228	-9.48192771084337	2266	-2.63855421686747	-99	0.366412213740458	-24	1.51145038167939	62	-0.946564885496183	
60160	25816.40625	2828	-2.1566265060241	2226	-9.40963855421687	2266	-2.63855421686747	-84	1.20610687022901	-79	1.2824427480916	56	-0.854961832061069	
60800	25835.9375	2826	-2.16867469879518	2227	-9.3855421686747	2264	-2.6144578313253	-93	0.519083969465649	-34	1.41984732824427	53	-0.809160305343511	
61440	25855.46875	2827	-2.12048192771084	2223	-9.39759036144578	2264	-2.6144578313253	-110	0.351145038167939	-23	1.6793893129771	36	-0.549618320610687	
62080	25875	2828	-2.12048192771084	2223	-9.40963855421687	2264	-2.6144578313253	-102	-0.137404580152672	9	1.55725190839695	40	-0.610687022900763	
62720	25894.53125	2830	-2.14457831325301	2225	-9.43373493975904	2264	-2.6144578313253	-113	-0.33587786259542	22	1.72519083969466	39	-0.595419847328244	
63360	25914.0625	2831	-2.14457831325301	2225	-9.44578313253012	2265	-2.62650602409639	-120	-0.488549618320611	32	1.83206106870229	52	-0.793893129770992	
64000	25933.59375	2829	-2.1566265060241	2226	-9.42168674698795	2264	-2.6144578313253	-99	-0.366412213740458	24	1.51145038167939	61	-0.931297709923664	
64640	25953.125	2828	-2.16867469879518	2227	-9.40963855421687	2264	-2.6144578313253	-102	-0.213740458015267	14	1.55725190839695	70	-1.06870229007634	
65280	25972.65625	2828	-2.18072289156627	2228	-9.40963855421687	2264	-2.6144578313253	-110	-0.442748091603053	29	1.6793893129771	72	-1.09923664122137	
384	25992.1875	2826	-2.19277108433735	2229	-9.3855421686747	2262	-2.59036144578313	-113	-0.702290076335878	46	1.72519083969466	73	-1.11450381679389	
1024	26011.71875	2828	-2.20481927710843	2230	-9.40963855421687	2262	-2.59036144578313	-112	-0.900763358778626	59	1.70992366412214	80	-1.22137404580153	
1664	26031.25	2829	-2.21686746987952	2231	-9.42168674698795	2263	-2.60240963855422	-94	-1.0381679389313	68	1.43511450381679	66	-1.00763358778626	
2304	26050.78125	2830	-2.2289156626506	2232	-9.43373493975904	2266	-2.63855421686747	-98	-0.916030534351145	60	1.49618320610687	63	-0.961832061068702	
2944	26070.3125	2831	-2.2289156626506	2232	-9.44578313253012	2267	-2.65060240963855	-62	-0.67175572519084	44	0.946564885496183	56	-0.854961832061069	
3584	26089.84375	2831	-2.20481927710843	2230	-9.44578313253012	2270	-2.68674698795181	-33	-0.274809160305344	18	0.50381679389313	50	-0.763358778625954	
4224	26109.375	2830	-2.18072289156627	2228	-9.43373493975904	2271	-2.69879518072289	-20	0.412213740458015	-27	0.305343511450382	37	-0.564885496183206	
4864	26128.90625	2829	-2.14457831325301	2225	-9.42168674698795	2269	-2.67469879518072	-8	0.564885496183206	-37	0.122137404580153	43	-0.656488549618321	
5504	26148.4375	2828	-2.09638554216868	2221	-9.40963855421687	2267	-2.65060240963855	-34	0.763358778625954	-50	0.519083969465649	22	-0.33587786259542	
6144	26167.96875	2828	-2.09638554216868	2221	-9.40963855421687	2267	-2.65060240963855	-57	0.67175572519084	-44	0.870229007633588	17	-0.259541984732824	
6784	26187.5	2830	-2.10843373493976	2222	-9.43373493975904	2267	-2.65060240963855	-66	0.549618320610687	-36	1.00763358778626	18	-0.274809160305344	
7424	26207.03125	2831	-2.10843373493976	2222	-9.44578313253012	2265	-2.62650602409639	-95	0.259541984732824	-17	1.45038167938931	25	-0.381679389312977	
8064	26226.5625	2833	-2.10843373493976	2222	-9.46987951807229	2266	-2.63855421686747	-99	0.50381679389313	-33	1.51145038167939	45	-0.687022900763359	
8704	26246.09375	2829	-2.12048192771084	2223	-9.42168674698795	2267	-2.65060240963855	-94	0.213740458015267	-14	1.43511450381679	68	-1.0381679389313	
9344	26265.625	2831	-2.13253012048193	2224	-9.44578313253012	2266	-2.63855421686747	-97	0.213740458015267	-14	1.48091603053435	83	-1.26717557251908	
9984	26285.15625	2831	-2.12048192771084	2223	-9.44578313253012	2264	-2.6144578313253	-104	0.0152671755725191	-1	1.58778625954198	105	-1.6030534351145	
10624	26304.6875	2832	-2.10843373493976	2222	-9.45783132530121	2264	-2.6144578313253	-103	0.0458015267175573	-3	1.57251908396947	99	-1.51145038167939	
11264	26324.21875	2832	-2.13253012048193	2224	-9.45783132530121	2265	-2.62650602409639	-115	0.274809160305344	-18	1.75572519083969	116	-1.77099236641221	
11904	26343.75	2831	-2.14457831325301	2225	-9.44578313253012	2267	-2.65060240963855	-116	0.473282442748092	-31	1.77099236641221	124	-1.89312977099237	
12544	26363.28125	2831	-2.19277108433735	2229	-9.44578313253012	2268	-2.66265060240964	-112	0.702290076335878	-46	1.70992366412214	116	-1.77099236641221	
13184	26382.8125	2830	-2.16867469879518	2227	-9.43373493975904	2267	-2.65060240963855	-103	0.702290076335878	-46	1.57251908396947	104	-1.58778625954198	
13824	26402.34375	2828	-2.1566265060241	2226	-9.40963855421687	2266	-2.63855421686747	-119	1.20610687022901	-79	1.81679389312977	104	-1.58778625954198	
14464	26421.875	2827	-2.16867469879518	2227	-9.39759036144578	2264	-2.6144578313253	-111	1.06870229007634	-70	1.69465648854962	96	-1.46564885496183	
15104	26441.40625	2828	-2.18072289156627	2228	-9.40963855421687	2266	-2.63855421686747	-96	0.961832061068702	-63	1.46564885496183	87	-1.32824427480916	
15744	26460.9375	2825	-2.18072289156627	2228	-9.37349397590362	2267	-2.65060240963855	-97	0.83969465648855	-55	1.48091603053435	80	-1.22137404580153	
16384	26480.46875	2830	-2.16867469879518	2227	-9.43373493975904	2263	-2.60240963855422	-83	0.549618320610687	-36	1.26717557251908	74	-1.12977099236641	
17024	26500	2833	-2.13253012048193	2224	-9.46987951807229	2260	-2.56626506024096	-85	0.33587786259542	-22	1.29770992366412	60	-0.916030534351145	
17664	26519.53125	2836	-2.14457831325301	2225	-9.50602409638554	2258	-2.5421686746988	-94	0.50381679389313	-33	1.43511450381679	64	-0.977099236641221	
18304	26539.0625	2834	-2.16867469879518	2227	-9.48192771084337	2258	-2.5421686746988	-67	0.625954198473282	-41	1.02290076335878	83	-1.26717557251908	
18944	26558.59375	2831	-2.18072289156627	2228	-9.44578313253012	2261	-2.57831325301205	-73	1.05343511450382	-69	1.11450381679389	100	-1.52671755725191	
19584	26578.125	2828	-2.16867469879518	2227	-9.40963855421687	2263	-2.60240963855422	-62	0.961832061068702	-63	0.946564885496183	117	-1.78625954198473	
20224	26597.65625	2828	-2.20481927710843	2230	-9.40963855421687	2263	-2.60240963855422	-64	0.854961832061069	-56	0.977099236641221	105	-1.6030534351145	
20864	26617.1875	2827	-2.18072289156627	2228	-9.39759036144578	2265	-2.62650602409639	-42	0.717557251908397	-47	0.641221374045801	107	-1.63358778625954	
21504	26636.71875	2830	-2.14457831325301	2225	-9.43373493975904	2266	-2.63855421686747	-47	0.519083969465649	-34	0.717557251908397	89	-1.3587786259542	
22144	26656.25	2831	-2.13253012048193	2224	-9.44578313253012	2265	-2.62650602409639	-59	0.534351145038168	-35	0.900763358778626	93	-1.41984732824427	
22784	26675.78125	2832	-2.10843373493976	2222	-9.45783132530121	2264	-2.6144578313253	-67	0.885496183206107	-58	1.02290076335878	96	-1.46564885496183	
23424	26695.3125	2833	-2.12048192771084	2223	-9.46987951807229	2261	-2.57831325301205	-62	1.06870229007634	-70	0.946564885496183	84	-1.2824427480916	
24064	26714.84375	2831	-2.13253012048193	2224	-9.44578313253012	2260	-2.56626506024096	-55	1.06870229007634	-70	0.83969465648855	87	-1.32824427480916	
24704	26734.375	2830	-2.09638554216868	2221	-9.43373493975904	2262	-2.59036144578313	-63	0.900763358778626	-59	0.961832061068702	77	-1.17557251908397	
25344	26753.90625	2832	-2.09638554216868	2221	-9.45783132530121	2259	-2.55421686746988	-83	1.16030534351145	-76	1.26717557251908	85	-1.29770992366412	
25984	26773.4375	2833	-2.10843373493976	2222	-9.46987951807229	2261	-2.57831325301205	-93	1.06870229007634	-70	1.41984732824427	81	-1.23664122137405	
26624	26792.96875	2833	-2.10843373493976	2222	-9.46987951807229	2261	-2.57831325301205	-93	0.809160305343511	-53	1.41984732824427	96	-1.46564885496183	
27264	26812.5	2829	-2.09638554216868	2221	-9.42168674698795	2261	-2.57831325301205	-92	0.900763358778626	-59	1.40458015267176	89	-1.3587786259542	
27904	26832.03125	2831	-2.09638554216868	2221	-9.44578313253012	2261	-2.57831325301205	-90	0.702290076335878	-46	1.37404580152672	94	-1.43511450381679	
28544	26851.5625	2830	-2.07228915662651	2219	-9.43373493975904	2262	-2.59036144578313	-111	0.625954198473282	-41	1.69465648854962	91	-1.38931297709924	
29184	26871.09375	2829	-2.08433734939759	2220	-9.42168674698795	2261	-2.57831325301205	-106	0.641221374045801	-42	1.61832061068702	79	-1.20610687022901	
29824	26890.625	2831	-2.09638554216868	2221	-9.44578313253012	2259	-2.55421686746988	-105	0.748091603053435	-49	1.6030534351145	73	-1.11450381679389	
30464	26910.15625	2832	-2.10843373493976	2222	-9.45783132530121	2260	-2.56626506024096	-100	0.610687022900763	-40	1.52671755725191	59	-0.900763358778626	
31104	26929.6875	2830	-2.10843373493976	2222	-9.43373493975904	2261	-2.57831325301205	-106	0.259541984732824	-17	1.61832061068702	54	-0.82442748091603	
31744	26949.21875	2830	-2.10843373493976	2222	-9.43373493975904	2260	-2.56626506024096	-122	0.274809160305344	-18	1.86259541984733	45	-0.687022900763359	
32384	26968.75	2831	-2.13253012048193	2224	-9.44578313253012	2261	-2.57831325301205	-117	0.16793893129771	-11	1.78625954198473	52	-0.793893129770992	
33024	26988.28125	2830	-2.14457831325301	2225	-9.43373493975904	2261	-2.57831325301205	-127	0	0	1.93893129770992	44	-0.67175572519084	
33664	27007.8125	2831	-2.12048192771084	2223	-9.44578313253012	2259	-2.55421686746988	-123	-0.0916030534351145	6	1.87786259541985	35	-0.534351145038168	
34304	27027.34375	2831	-2.10843373493976	2222	-9.44578313253012	2258	-2.5421686746988	-120	-0.0305343511450382	2	1.83206106870229	39	-0.595419847328244	
34944	27046.875	2831	-2.13253012048193	2224	-9.44578313253012	2258	-2.5421686746988	-123	-0.229007633587786	15	1.87786259541985	38	-0.580152671755725	
35584	27066.40625	2830	-2.13253012048193	2224	-9.43373493975904	2260	-2.56626506024096	-125	-0.244274809160305	16	1.90839694656489	36	-0.549618320610687	
36224	27085.9375	2826	-2.1566265060241	2226	-9.3855421686747	2261	-2.57831325301205	-131	-0.0305343511450382	2	2	29	-0.442748091603053	
36864	27105.46875	2828	-2.14457831325301	2225	-9.40963855421687	2260	-2.56626506024096	-115	-0.854961832061069	56	1.75572519083969	24	-0.366412213740458	
37504	27125	2831	-2.14457831325301	2225	-9.44578313253012	2258	-2.5421686746988	-113	-0.900763358778626	59	1.72519083969466	24	-0.366412213740458	
38144	27144.53125	2834	-2.1566265060241	2226	-9.48192771084337	2258	-2.5421686746988	-106	-0.885496183206107	58	1.61832061068702	18	-0.274809160305344	
38784	27164.0625	2834	-2.18072289156627	2228	-9.48192771084337	2260	-2.56626506024096	-104	-0.351145038167939	23	1.58778625954198	37	-0.564885496183206	
39424	27183.59375	2829	-2.13253012048193	2224	-9.42168674698795	2261	-2.57831325301205	-88	-0.0152671755725191	1	1.34351145038168	32	-0.488549618320611	
40064	27203.125	2828	-2.14457831325301	2225	-9.40963855421687	2260	-2.56626506024096	-90	-0.152671755725191	10	1.37404580152672	30	-0.458015267175573	
40704	27222.65625	2830	-2.1566265060241	2226	-9.43373493975904	2260	-2.56626506024096	-111	-0.534351145038168	35	1.69465648854962	12	-0.183206106870229	
41344	27242.1875	2832	-2.14457831325301	2225	-9.45783132530121	2262	-2.59036144578313	-89	-0.854961832061069	56	1.3587786259542	9	-0.137404580152672	
41984	27261.71875	2833	-2.1566265060241	2226	-9.46987951807229	2261	-2.57831325301205	-90	-0.564885496183206	37	1.37404580152672	24	-0.366412213740458	
42624	27281.25	2834	-2.16867469879518	2227	-9.48192771084337	2261	-2.57831325301205	-68	-0.50381679389313	33	1.0381679389313	36	-0.549618320610687	
43264	27300.78125	2831	-2.14457831325301	2225	-9.44578313253012	2261	-2.57831325301205	-84	0	0	1.2824427480916	56	-0.854961832061069	
43904	27320.3125	2831	-2.13253012048193	2224	-9.44578313253012	2262	-2.59036144578313	-84	0	0	1.2824427480916	50	-0.763358778625954	
44544	27339.84375	2829	-2.16867469879518	2227	-9.42168674698795	2262	-2.59036144578313	-61	-0.137404580152672	9	0.931297709923664	51	-0.778625954198473	
45184	27359.375	2829	-2.18072289156627	2228	-9.42168674698795	2262	-2.59036144578313	-52	-0.396946564885496	26	0.793893129770992	64	-0.977099236641221	
45824	27378.90625	2827	-2.19277108433735	2229	-9.39759036144578	2261	-2.57831325301205	-56	-0.396946564885496	26	0.854961832061069	56	-0.854961832061069	
46464	27398.4375	2828	-2.13253012048193	2224	-9.40963855421687	2260	-2.56626506024096	-68	-0.778625954198473	51	1.0381679389313	63	-0.961832061068702	
47104	27417.96875	2832	-2.13253012048193	2224	-9.45783132530121	2261	-2.57831325301205	-89	-0.687022900763359	45	1.3587786259542	50	-0.763358778625954	
47744	27437.5	2836	-2.12048192771084	2223	-9.50602409638554	2263	-2.60240963855422	-76	-0.442748091603053	29	1.16030534351145	53	-0.809160305343511	
48384	27457.03125	2835	-2.14457831325301	2225	-9.49397590361446	2265	-2.62650602409639	-63	-0.122137404580153	8	0.961832061068702	62	-0.946564885496183	
49024	27476.5625	2831	-2.10843373493976	2222	-9.44578313253012	2263	-2.60240963855422	-60	0.0916030534351145	-6	0.916030534351145	72	-1.09923664122137	
49664	27496.09375	2830	-2.13253012048193	2224	-9.43373493975904	2264	-2.6144578313253	-71	0.0152671755725191	-1	1.08396946564885	73	-1.11450381679389	
50304	27515.625	2830	-2.1566265060241	2226	-9.43373493975904	2263	-2.60240963855422	-75	0.0305343511450382	-2	1.14503816793893	62	-0.946564885496183	
50944	27535.15625	2830	-2.16867469879518	2227	-9.43373493975904	2261	-2.57831325301205	-73	-0.137404580152672	9	1.11450381679389	80	-1.22137404580153	
51584	27554.6875	2830	-2.13253012048193	2224	-9.43373493975904	2260	-2.56626506024096	-73	-0.259541984732824	17	1.11450381679389	76	-1.16030534351145	
52224	27574.21875	2831	-2.12048192771084	2223	-9.44578313253012	2262	-2.59036144578313	-86	-0.259541984732824	17	1.31297709923664	80	-1.22137404580153	
52864	27593.75	2830	-2.14457831325301	2225	-9.43373493975904	2266	-2.63855421686747	-90	-0.213740458015267	14	1.37404580152672	85	-1.29770992366412	
53504	27613.28125	2831	-2.1566265060241	2226	-9.44578313253012	2267	-2.65060240963855	-81	-0.381679389312977	25	1.23664122137405	82	-1.25190839694656	
54144	27632.8125	2831	-2.14457831325301	2225	-9.44578313253012	2264	-2.6144578313253	-79	-0.229007633587786	15	1.20610687022901	65	-0.99236641221374	
54784	27652.34375	2829	-2.12048192771084	2223	-9.42168674698795	2262	-2.59036144578313	-71	-0.0610687022900763	4	1.08396946564885	62	-0.946564885496183	
55424	27671.875	2831	-2.12048192771084	2223	-9.44578313253012	2259	-2.55421686746988	-52	0.0458015267175573	-3	0.793893129770992	56	-0.854961832061069	
56064	27691.40625	2833	-2.13253012048193	2224	-9.46987951807229	2258	-2.5421686746988	-65	-0.16793893129771	11	0.99236641221374	69	-1.05343511450382	
56704	27710.9375	2829	-2.12048192771084	2223	-9.42168674698795	2261	-2.57831325301205	-82	0.0763358778625954	-5	1.25190839694656	72	-1.09923664122137	
57344	27730.46875	2828	-2.12048192771084	2223	-9.40963855421687	2264	-2.6144578313253	-80	-0.0305343511450382	2	1.22137404580153	70	-1.06870229007634	
57984	27750	2827	-2.14457831325301	2225	-9.39759036144578	2264	-2.6144578313253	-76	-0.473282442748092	31	1.16030534351145	66	-1.00763358778626	
58624	27769.53125	2830	-2.13253012048193	2224	-9.43373493975904	2264	-2.6144578313253	-86	-0.732824427480916	48	1.31297709923664	32	-0.488549618320611	
59264	27789.0625	2834	-2.14457831325301	2225	-9.48192771084337	2263	-2.60240963855422	-83	-1.02290076335878	67	1.26717557251908	27	-0.412213740458015	
59904	27808.59375	2832	-2.14457831325301	2225	-9.45783132530121	2264	-2.6144578313253	-94	-0.854961832061069	56	1.43511450381679	38	-0.580152671755725	
60544	27828.125	2833	-2.1566265060241	2226	-9.46987951807229	2265	-2.62650602409639	-85	-0.244274809160305	16	1.29770992366412	54	-0.82442748091603	
61184	27847.65625	2830	-2.16867469879518	2227	-9.43373493975904	2263	-2.60240963855422	-72	-0.106870229007634	7	1.09923664122137	54	-0.82442748091603	
61824	27867.1875	2828	-2.1566265060241	2226	-9.40963855421687	2264	-2.6144578313253	-75	-0.259541984732824	17	1.14503816793893	51	-0.778625954198473	
62464	27886.71875	2826	-2.18072289156627	2228	-9.3855421686747	2265	-2.62650602409639	-72	-0.748091603053435	49	1.09923664122137	45	-0.687022900763359	
63104	27906.25	2829	-2.14457831325301	2225	-9.42168674698795	2264	-2.6144578313253	-79	-0.687022900763359	45	1.20610687022901	28	-0.427480916030534	
63744	27925.78125	2831	-2.13253012048193	2224	-9.44578313253012	2263	-2.60240963855422	-83	-0.656488549618321	43	1.26717557251908	39	-0.595419847328244	
64384	27945.3125	2833	-2.14457831325301	2225	-9.46987951807229	2264	-2.6144578313253	-79	-0.33587786259542	22	1.20610687022901	38	-0.580152671755725	
65024	27964.84375	2829	-2.1566265060241	2226	-9.42168674698795	2266	-2.63855421686747	-68	-0.122137404580153	8	1.0381679389313	39	-0.595419847328244	
128	27984.375	2829	-2.1566265060241	2226	-9.42168674698795	2265	-2.62650602409639	-79	-0.259541984732824	17	1.20610687022901	46	-0.702290076335878	
768	28003.90625	2831	-2.1566265060241	2226	-9.44578313253012	2265	-2.62650602409639	-78	-0.290076335877863	19	1.19083969465649	38	-0.580152671755725	
1408	28023.4375	2829	-2.13253012048193	2224	-9.42168674698795	2262	-2.59036144578313	-73	-0.229007633587786	15	1.11450381679389	32	-0.488549618320611	
2048	28042.96875	2831	-2.14457831325301	2225	-9.44578313253012	2264	-2.6144578313253	-75	-0.213740458015267	14	1.14503816793893	32	-0.488549618320611	
2688	28062.5	2831	-2.14457831325301	2225	-9.44578313253012	2265	-2.62650602409639	-78	-0.396946564885496	26	1.19083969465649	37	-0.564885496183206	
3328	28082.03125	2832	-2.1566265060241	2226	-9.45783132530121	2266	-2.63855421686747	-88	-0.0763358778625954	5	1.34351145038168	53	-0.809160305343511	
3968	28101.5625	2831	-2.16867469879518	2227	-9.44578313253012	2265	-2.62650602409639	-74	0.0458015267175573	-3	1.12977099236641	51	-0.778625954198473	
4608	28121.09375	2827	-2.16867469879518	2227	-9.39759036144578	2266	-2.63855421686747	-83	0.152671755725191	-10	1.26717557251908	57	-0.870229007633588	
5248	28140.625	2828	-2.16867469879518	2227	-9.40963855421687	2267	-2.65060240963855	-78	0.106870229007634	-7	1.19083969465649	68	-1.0381679389313	
5888	28160.15625	2828	-2.16867469879518	2227	-9.40963855421687	2265	-2.62650602409639	-82	-0.213740458015267	14	1.25190839694656	52	-0.793893129770992	
6528	28179.6875	2828	-2.1566265060241	2226	-9.40963855421687	2264	-2.6144578313253	-97	-0.122137404580153	8	1.48091603053435	44	-0.67175572519084	
7168	28199.21875	2831	-2.14457831325301	2225	-9.44578313253012	2264	-2.6144578313253	-76	0	0	1.16030534351145	46	-0.702290076335878	
7808	28218.75	2832	-2.1566265060241	2226	-9.45783132530121	2265	-2.62650602409639	-93	-0.122137404580153	8	1.41984732824427	57	-0.870229007633588	
8448	28238.28125	2830	-2.18072289156627	2228	-9.43373493975904	2266	-2.63855421686747	-72	0.137404580152672	-9	1.09923664122137	62	-0.946564885496183	
9088	28257.8125	2831	-2.18072289156627	2228	-9.44578313253012	2264	-2.6144578313253	-83	0.0610687022900763	-4	1.26717557251908	62	-0.946564885496183	
9728	28277.34375	2830	-2.1566265060241	2226	-9.43373493975904	2263	-2.60240963855422	-85	0.106870229007634	-7	1.29770992366412	50	-0.763358778625954	
10368	28296.875	2828	-2.14457831325301	2225	-9.40963855421687	2263	-2.60240963855422	-82	0.290076335877863	-19	1.25190839694656	51	-0.778625954198473	
11008	28316.40625	2832	-2.19277108433735	2229	-9.45783132530121	2264	-2.6144578313253	-85	-0.122137404580153	8	1.29770992366412	55	-0.83969465648855	
11648	28335.9375	2833	-2.19277108433735	2229	-9.46987951807229	2264	-2.6144578313253	-66	0.0763358778625954	-5	1.00763358778626	64	-0.977099236641221	
12288	28355.46875	2829	-2.19277108433735	2229	-9.42168674698795	2267	-2.65060240963855	-77	0.549618320610687	-36	1.17557251908397	79	-1.20610687022901	
12928	28375	2825	-2.18072289156627	2228	-9.37349397590362	2266	-2.63855421686747	-78	0.366412213740458	-24	1.19083969465649	79	-1.20610687022901	
13568	28394.53125	2825	-2.1566265060241	2226	-9.37349397590362	2265	-2.62650602409639	-88	0.0458015267175573	-3	1.34351145038168	55	-0.83969465648855	
14208	28414.0625	2830	-2.16867469879518	2227	-9.43373493975904	2263	-2.60240963855422	-70	-0.442748091603053	29	1.06870229007634	39	-0.595419847328244	
14848	28433.59375	2830	-2.16867469879518	2227	-9.43373493975904	2265	-2.62650602409639	-84	-0.50381679389313	33	1.2824427480916	37	-0.564885496183206	
15488	28453.125	2832	-2.16867469879518	2227	-9.45783132530121	2265	-2.62650602409639	-79	-0.0305343511450382	2	1.20610687022901	54	-0.82442748091603	
16128	28472.65625	2831	-2.16867469879518	2227	-9.44578313253012	2264	-2.6144578313253	-69	-0.229007633587786	15	1.05343511450382	62	-0.946564885496183	
16768	28492.1875	2833	-2.16867469879518	2227	-9.46987951807229	2265	-2.62650602409639	-79	0	0	1.20610687022901	64	-0.977099236641221	
17408	28511.71875	2832	-2.16867469879518	2227	-9.45783132530121	2265	-2.62650602409639	-78	0.16793893129771	-11	1.19083969465649	79	-1.20610687022901	
18048	28531.25	2831	-2.16867469879518	2227	-9.44578313253012	2266	-2.63855421686747	-79	0.152671755725191	-10	1.20610687022901	72	-1.09923664122137	
18688	28550.78125	2830	-2.18072289156627	2228	-9.43373493975904	2266	-2.63855421686747	-80	0.366412213740458	-24	1.22137404580153	76	-1.16030534351145	
19328	28570.3125	2829	-2.1566265060241	2226	-9.42168674698795	2265	-2.62650602409639	-82	0.702290076335878	-46	1.25190839694656	95	-1.45038167938931	
19968	28589.84375	2828	-2.16867469879518	2227	-9.40963855421687	2266	-2.63855421686747	-89	0.595419847328244	-39	1.3587786259542	99	-1.51145038167939	
20608	28609.375	2827	-2.20481927710843	2230	-9.39759036144578	2265	-2.62650602409639	-83	0.412213740458015	-27	1.26717557251908	80	-1.22137404580153	
21248	28628.90625	2829	-2.18072289156627	2228	-9.42168674698795	2265	-2.62650602409639	-73	0.0458015267175573	-3	1.11450381679389	86	-1.31297709923664	
21888	28648.4375	2828	-2.14457831325301	2225	-9.40963855421687	2265	-2.62650602409639	-85	-0.0458015267175573	3	1.29770992366412	79	-1.20610687022901	
22528	28667.96875	2826	-2.12048192771084	2223	-9.3855421686747	2268	-2.66265060240964	-82	-0.687022900763359	45	1.25190839694656	77	-1.17557251908397	
23168	28687.5	2831	-2.16867469879518	2227	-9.44578313253012	2271	-2.69879518072289	-38	-1.58778625954198	104	0.580152671755725	84	-1.2824427480916	
23808	28707.03125	2832	-2.18072289156627	2228	-9.45783132530121	2270	-2.68674698795181	3	-1.63358778625954	107	-0.0458015267175573	111	-1.69465648854962	
24448	28726.5625	2824	-2.24096385542169	2233	-9.36144578313253	2270	-2.68674698795181	27	-1.17557251908397	77	-0.412213740458015	139	-2.12213740458015	
25088	28746.09375	2817	-2.34939759036145	2242	-9.27710843373494	2271	-2.69879518072289	65	-1.98473282442748	130	-0.99236641221374	183	-2.79389312977099	
25728	28765.625	2824	-2.40963855421687	2247	-9.36144578313253	2267	-2.65060240963855	129	-2.83969465648855	186	-1.96946564885496	189	-2.88549618320611	
26368	28785.15625	2828	-2.31325301204819	2239	-9.40963855421687	2264	-2.6144578313253	128	-3.14503816793893	206	-1.95419847328244	220	-3.3587786259542	
27008	28804.6875	2821	-2.18072289156627	2228	-9.32530120481928	2272	-2.71084337349398	52	-3.19083969465649	209	-0.793893129770992	308	-4.70229007633588	
27648	28824.21875	2809	-2.19277108433735	2229	-9.18072289156627	2283	-2.8433734939759	-54	-4.03053435114504	264	0.82442748091603	360	-5.49618320610687	
28288	28843.75	2807	-2.20481927710843	2230	-9.1566265060241	2293	-2.96385542168675	-100	-7.19083969465649	471	1.52671755725191	421	-6.42748091603053	
28928	28863.28125	2817	-2.09638554216868	2221	-9.27710843373494	2289	-2.91566265060241	-102	-10.030534351145	657	1.55725190839695	400	-6.10687022900763	
29568	28882.8125	2828	-1.93975903614458	2208	-9.40963855421687	2282	-2.83132530120482	-137	-11.175572519084	732	2.09160305343511	403	-6.15267175572519	
30208	28902.34375	2837	-1.80722891566265	2197	-9.51807228915663	2285	-2.86746987951807	-210	-10.9923664122137	720	3.20610687022901	434	-6.62595419847328	
30848	28921.875	2835	-1.74698795180723	2192	-9.49397590361446	2284	-2.85542168674699	-311	-10.6259541984733	696	4.74809160305344	476	-7.26717557251908	
31488	28941.40625	2835	-1.57831325301205	2178	-9.49397590361446	2279	-2.79518072289157	-408	-10.6564885496183	698	6.22900763358779	519	-7.9236641221374	
32128	28960.9375	2839	-1.79518072289157	2196	-9.54216867469879	2287	-2.89156626506024	-484	-9.09923664122137	596	7.38931297709924	571	-8.7175572519084	
32768	28980.46875	2844	-1.83132530120482	2199	-9.60240963855422	2269	-2.67469879518072	-244	-9.93893129770992	651	3.72519083969466	497	-7.58778625954198	
33408	29000	2853	-1.81927710843374	2198	-9.71084337349398	2270	-2.68674698795181	-82	-8.45801526717557	554	1.25190839694656	512	-7.81679389312977	
34048	29019.53125	2856	-1.75903614457831	2193	-9.74698795180723	2278	-2.78313253012048	-40	-6.59541984732824	432	0.610687022900763	562	-8.58015267175572	
34688	29039.0625	2850	-1.71084337349398	2189	-9.67469879518072	2279	-2.79518072289157	-66	-4.45801526717557	292	1.00763358778626	646	-9.86259541984733	
35328	29058.59375	2838	-1.56626506024096	2177	-9.53012048192771	2273	-2.72289156626506	-111	-2.68702290076336	176	1.69465648854962	713	-10.8854961832061	
35968	29078.125	2821	-1.46987951807229	2169	-9.32530120481928	2278	-2.78313253012048	-261	0.0458015267175573	-3	3.98473282442748	771	-11.7709923664122	
36608	29097.65625	2799	-1.44578313253012	2167	-9.06024096385542	2293	-2.96385542168675	-414	1.3587786259542	-89	6.3206106870229	762	-11.6335877862595	
37248	29117.1875	2791	-1.5421686746988	2175	-8.96385542168675	2312	-3.19277108433735	-523	0.778625954198473	-51	7.98473282442748	641	-9.78625954198473	
37888	29136.71875	2809	-1.6144578313253	2181	-9.18072289156627	2325	-3.34939759036145	-447	-2.73282442748092	179	6.82442748091603	422	-6.44274809160305	
38528	29156.25	2845	-1.63855421686747	2183	-9.6144578313253	2322	-3.31325301204819	-290	-4.16793893129771	273	4.42748091603053	217	-3.31297709923664	
39168	29175.78125	2871	-1.7710843373494	2194	-9.92771084337349	2320	-3.28915662650602	-93	-3.09923664122137	203	1.41984732824427	113	-1.72519083969466	
39808	29195.3125	2866	-1.65060240963855	2184	-9.86746987951807	2304	-3.09638554216868	109	0.0458015267175573	-3	-1.66412213740458	51	-0.778625954198473	
40448	29214.84375	2842	-1.43373493975904	2166	-9.57831325301205	2296	-3	165	4.29007633587786	-281	-2.51908396946565	2	-0.0305343511450382	
41088	29234.375	2821	-1.3855421686747	2162	-9.32530120481928	2300	-3.04819277108434	49	7.48091603053435	-490	-0.748091603053435	-38	0.580152671755725	
41728	29253.90625	2814	-1.51807228915663	2173	-9.24096385542169	2300	-3.04819277108434	-107	8.56488549618321	-561	1.63358778625954	-161	2.45801526717557	
42368	29273.4375	2800	-1.65060240963855	2184	-9.07228915662651	2292	-2.95180722891566	-240	9.37404580152672	-614	3.66412213740458	-338	5.16030534351145	
43008	29292.96875	2797	-1.73493975903614	2191	-9.03614457831325	2316	-3.24096385542169	-406	9.09923664122137	-596	6.19847328244275	-485	7.40458015267176	
43648	29312.5	2813	-1.79518072289157	2196	-9.2289156626506	2325	-3.34939759036145	-448	6.15267175572519	-403	6.83969465648855	-516	7.87786259541985	
44288	29332.03125	2825	-1.73493975903614	2191	-9.37349397590362	2318	-3.26506024096386	-461	3.20610687022901	-210	7.0381679389313	-495	7.55725190839695	
